label,px0,px1,px2,px3,px4,px5,px6,px7,px8,px9,px10,px11,px12,px13,px14,px15,px16,px17,px18,px19,px20,px21,px22,px23,px24,px25,px26,px27,px28,px29,px30,px31,px32,px33,px34,px35,px36,px37,px38,px39,px40,px41,px42,px43,px44,px45,px46,px47,px48,px49,px50,px51,px52,px53,px54,px55,px56,px57,px58,px59,px60,px61,px62,px63,px64,px65,px66,px67,px68,px69,px70,px71,px72,px73,px74,px75,px76,px77,px78,px79,px80,px81,px82,px83,px84,px85,px86,px87,px88,px89,px90,px91,px92,px93,px94,px95,px96,px97,px98,px99,px100,px101,px102,px103,px104,px105,px106,px107,px108,px109,px110,px111,px112,px113,px114,px115,px116,px117,px118,px119,px120,px121,px122,px123,px124,px125,px126,px127,px128,px129,px130,px131,px132,px133,px134,px135,px136,px137,px138,px139,px140,px141,px142,px143,px144,px145,px146,px147,px148,px149,px150,px151,px152,px153,px154,px155,px156,px157,px158,px159,px160,px161,px162,px163,px164,px165,px166,px167,px168,px169,px170,px171,px172,px173,px174,px175,px176,px177,px178,px179,px180,px181,px182,px183,px184,px185,px186,px187,px188,px189,px190,px191
2,0.0304,0.0603,0.1162,0.1786,0.1268,-0.0014,0.2158,0.0603,0.2379,0.2445,-0.0079,0.1247,0.24,0.0655,0.1142,0.0442,-0.0414,0.0114,-0.0128,0.0353,0.1388,0.1189,0.2345,0.1556,0.0587,0.2348,0.1402,0.113,0.2088,0.151,0.0581,0.1314,0.0401,0.2408,0.0233,0.2419,-0.0307,-0.047,0.1159,0.0117,0.1022,-0.0146,0.2011,0.1507,0.1553,0.228,0.2476,0.1535,0.164,-0.0495,-0.0352,0.078,0.2407,0.0439,0.1205,-0.0473,0.0747,0.2208,0.1269,0.1973,-0.0461,0.0108,0.0038,0.1997,-0.0195,0.2296,0.0302,0.2141,0.1047,0.047,0.2399,0.0715,0.1592,-0.0298,0.1991,0.2444,-0.0168,0.1739,0.0311,-0.0056,0.0593,0.1485,0.2361,0.2482,0.2481,0.137,0.146,-0.0017,0.1678,0.1154,0.0577,0.22,0.0265,-0.0075,-0.0026,-0.0052,0.1266,0.1903,-0.002,0.1008,0.1223,0.1181,0.0738,0.1131,-0.0455,-0.0326,0.0768,0.021,0.177,0.0226,0.1972,0.0224,-0.0222,0.0932,0.0663,0.0507,0.1795,0.0167,0.151,0.2004,0.0858,0.1009,0.2271,0.1312,0.0043,-0.0291,-0.0254,0.0495,0.6767,0.8446,0.7771,0.7426,0.8036,0.931,0.7233,0.6964,0.7416,0.7473,0.923,0.8619,0.7787,0.6998,0.6636,0.6867,0.9042,0.8444,0.697,0.8376,0.6675,0.8021,0.7506,0.6807,0.8727,0.865,0.8032,0.7004,0.8509,0.78,0.8484,0.6774,0.9208,0.6511,0.7168,0.7695,0.7095,0.6763,0.8562,0.9482,0.7505,0.7299,0.8512,0.7168,0.7702,0.8565,0.7792,0.6967,0.6711,0.8129,0.9472,0.926,0.68,0.8007,0.7965,0.7082,0.8509,0.7987,0.8926,0.7376,0.9302,0.8944,0.7921,0.6924
1,0.0741,0.2049,0.1839,0.1259,0.0213,0.0415,0.0974,0.0685,0.1437,0.1016,0.0469,0.132,0.249,0.0108,0.0507,-0.0464,-0.0219,-0.0334,0.0769,0.201,0.1593,0.2398,0.2011,0.1258,0.1241,-0.0462,0.0651,0.0285,0.1362,-0.0304,0.1127,0.0627,0.0976,0.0713,-0.0193,0.1694,0.1901,0.1295,-0.0153,0.1297,0.2113,0.246,0.1776,-0.0363,0.2135,0.1495,0.033,0.226,0.1978,0.2185,0.0243,0.1231,0.0637,0.0388,0.1784,0.135,0.0495,0.1129,0.2285,0.12,0.2241,0.1198,0.2477,-0.0413,0.788,0.8157,0.868,0.9406,0.837,0.7934,0.8403,0.81,0.8615,0.9341,0.6542,0.7461,0.9129,0.6679,0.8871,0.6593,0.8445,0.8901,0.7214,0.7644,0.7179,0.8614,0.8086,0.8317,0.7476,0.826,0.9363,0.8838,0.9355,0.7242,0.8048,0.7657,0.7538,0.891,0.7025,0.8176,0.8822,0.9307,0.6556,0.7312,0.7979,0.9309,0.699,0.9022,0.7692,0.8143,0.9284,0.6693,0.7489,0.6967,0.6901,0.7411,0.8602,0.8241,0.6865,0.8904,0.8022,0.6929,0.8961,0.8962,0.715,0.9319,0.8931,0.7187,-0.0497,0.2102,0.1978,-0.0207,0.1799,0.1819,0.1401,0.1998,0.2454,0.0483,0.2002,0.2263,0.0441,0.155,0.1553,0.2047,0.1201,0.0327,0.0255,0.1128,-0.0094,0.2079,0.2168,0.0227,0.1592,0.152,-0.0134,0.1835,0.1799,0.0419,-0.0205,0.0345,0.1815,0.09,0.1946,-0.0021,-0.018,0.0547,0.214,-0.0014,-0.028,0.1759,-0.0226,0.1503,-0.025,0.0241,0.1491,0.2121,0.0728,0.0849,-0.0407,0.0522,0.0226,0.1866,0.1643,0.1853,0.1095,0.1598,-0.0118,0.0655,0.0379,0.0347,0.1718,0.0142
2,0.1589,-0.0061,0.24,0.146,0.1145,-0.0345,0.035,0.077,0.2442,-0.0065,0.1275,-0.0267,0.2414,0.1742,0.1937,0.1748,0.0039,0.0224,-0.0382,0.1154,-0.0257,0.0065,0.0022,0.226,0.1869,0.0357,0.2413,-0.0022,-0.0078,0.0644,0.1917,-0.0204,0.1867,0.1132,0.1895,0.051,-0.0374,-0.0203,0.167,0.1021,0.1791,0.0096,0.0338,0.0135,0.2052,0.1609,-0.0035,0.1677,-0.0384,0.0899,0.0271,0.1794,0.1656,0.1551,0.0092,-0.0371,0.142,0.1584,-0.0472,0.2015,0.2192,0.0584,0.1057,0.1453,0.2277,0.1449,0.1047,0.1807,0.097,-0.0401,0.1142,0.0742,0.0505,0.0683,0.0164,0.0436,0.1741,0.2156,0.0869,0.2037,-0.0124,0.1047,0.1733,0.1843,0.0662,0.0004,0.2382,0.1328,0.1459,0.0538,-0.0161,0.1211,0.0714,0.217,0.149,0.1767,0.1209,0.1759,-0.0098,0.2489,0.1242,0.1292,0.0069,-0.0227,0.1616,0.1679,0.15,0.0264,0.0961,0.1804,0.1422,0.2229,-0.0232,0.1825,-0.046,0.1375,0.1103,-0.0278,0.0757,0.1504,0.2102,-0.0269,0.1029,0.1886,-0.0149,0.2178,0.2316,0.0528,0.7127,0.6936,0.7159,0.7757,0.8621,0.9311,0.8176,0.9359,0.7781,0.8473,0.65,0.7756,0.6568,0.6897,0.8926,0.6843,0.7399,0.8078,0.8076,0.6591,0.6831,0.853,0.7714,0.6777,0.7936,0.7617,0.9499,0.6644,0.7041,0.6724,0.8154,0.9382,0.8833,0.6836,0.8119,0.7574,0.9432,0.8621,0.8312,0.727,0.781,0.808,0.7636,0.8193,0.677,0.7762,0.9461,0.7697,0.8018,0.8761,0.8937,0.8709,0.7644,0.8635,0.7099,0.8351,0.6548,0.7078,0.7025,0.7556,0.8714,0.6562,0.9129,0.6775
1,0.0479,0.1487,0.1629,0.088,0.0327,0.0761,0.1644,0.0185,-0.0026,0.0952,0.1474,-0.03,0.0314,0.2415,0.0301,0.1816,0.0417,-0.0243,0.0959,0.2109,0.1832,-0.0356,0.161,0.1363,0.0947,0.1494,0.1065,0.0049,0.1586,-0.0113,0.043,0.2055,0.1205,0.1033,0.163,0.0977,0.0652,0.1157,-0.0433,0.0555,-0.0382,0.2487,0.2224,0.1461,-0.0025,0.2065,0.0349,0.1914,0.1453,0.1315,0.1724,0.0302,0.2003,0.1128,0.1771,0.2019,0.0264,0.0732,0.0585,-0.0269,0.2127,0.1557,0.097,0.1136,0.9139,0.6709,0.7574,0.8559,0.8104,0.7992,0.7276,0.7169,0.8511,0.7523,0.9312,0.9206,0.9411,0.733,0.8043,0.6813,0.7578,0.6724,0.8005,0.9371,0.8787,0.7591,0.7329,0.9294,0.6658,0.9035,0.9068,0.6706,0.9353,0.8438,0.7667,0.7776,0.8326,0.8081,0.9104,0.9186,0.748,0.6526,0.8836,0.8443,0.8465,0.6723,0.6728,0.9196,0.7592,0.7918,0.942,0.7085,0.8405,0.6685,0.8183,0.8716,0.6972,0.8779,0.9406,0.8978,0.8872,0.9342,0.865,0.8143,0.8973,0.8919,0.8387,0.8507,0.0035,0.0515,0.0476,0.2077,0.1844,0.0372,0.2482,-0.0323,-0.0315,0.0483,-0.0268,0.235,0.0576,0.0665,0.2065,0.1099,0.1391,0.082,0.088,0.2371,0.0332,0.1076,0.0936,-0.0077,-0.0061,0.102,0.1896,0.0796,-0.0323,0.2305,-0.0087,0.2153,-0.0364,0.1449,-0.0062,0.0281,0.0765,0.1766,0.0806,0.0755,0.0707,0.1062,0.0342,0.2359,0.0071,-0.0102,0.1146,0.0554,0.1664,-0.0382,0.153,0.0593,0.2282,0.04,0.0799,0.0452,0.11,0.0343,0.1509,0.0735,0.1624,0.0375,0.087,0.1171
2,0.1832,0.0376,0.2088,0.1859,0.1534,0.1946,0.081,0.152,0.2358,0.0067,-0.0198,0.0736,0.1029,-0.0053,0.0164,0.21,0.0664,-0.0053,0.0049,0.1232,0.007,0.0925,0.1113,0.0819,0.1011,0.201,-0.045,0.229,0.0098,-0.0385,0.1803,0.121,0.1114,0.0153,0.1843,0.0419,0.1681,0.0185,0.1219,0.1445,0.0615,0.094,-0.0304,0.143,0.1574,-0.004,0.1152,0.1699,-0.0197,0.2017,0.2111,-0.0349,0.0245,-0.0248,0.0258,-0.0241,0.0968,0.0251,0.04,0.0885,0.0615,0.1865,0.1668,-0.0158,0.017,-0.0475,0.0488,-0.0176,0.1591,0.1841,0.2487,0.0127,-0.039,0.1771,0.0735,0.2293,0.0677,0.0437,-0.0282,0.2344,0.1036,0.0822,0.0811,0.1806,0.1992,0.0928,0.0034,0.0719,0.2174,0.0723,0.1483,0.1179,0.0884,0.1224,0.0235,0.1172,0.2094,-0.026,0.0607,0.2142,0.2435,-0.046,0.1381,0.1396,0.2029,0.091,-0.0107,0.0401,0.1638,0.1685,0.0114,0.1428,0.147,0.1473,-0.0434,0.0825,0.0475,0.1292,0.051,-0.0115,0.1511,0.0361,0.1872,0.0417,0.1138,0.1924,-0.0153,0.1693,0.6704,0.9309,0.6575,0.8672,0.7606,0.7039,0.7685,0.8004,0.7745,0.6867,0.8068,0.74,0.9402,0.7649,0.7806,0.7184,0.9406,0.7465,0.8439,0.8998,0.768,0.8766,0.7336,0.6829,0.6627,0.7847,0.9122,0.7109,0.7821,0.8788,0.7329,0.6958,0.8058,0.7776,0.9315,0.9192,0.7214,0.8183,0.7749,0.6602,0.7833,0.9247,0.7408,0.8258,0.8631,0.6689,0.9272,0.6828,0.7405,0.8648,0.6558,0.7626,0.688,0.792,0.6547,0.6953,0.7167,0.6744,0.6772,0.7083,0.8053,0.6911,0.8963,0.7751
2,0.0885,0.0093,-0.0141,0.102,0.1064,0.0589,0.1649,0.1088,0.1826,-0.0181,-0.029,0.0661,0.0951,0.0258,0.1506,0.0166,0.0455,0.0931,0.1637,0.1811,0.0615,0.0841,0.2283,0.2302,0.1356,-0.0185,0.0867,0.141,0.0336,-0.0388,0.2443,0.2229,-0.0113,0.0898,0.1358,0.04,-0.0294,0.1752,0.1812,0.0812,-0.0243,0.0682,-0.0218,0.2391,-0.0346,0.0364,0.1804,-0.0095,-0.018,-0.0288,-0.0008,0.1096,0.1999,0.0007,0.0021,0.1795,0.0777,0.0514,-0.013,0.0228,0.2415,-0.0149,0.0279,0.1722,0.2175,0.2213,0.0918,0.2369,0.1312,0.0366,0.0896,0.1648,0.1702,-0.0111,0.0081,0.2375,-0.0179,0.194,0.0517,0.0244,0.0265,0.0908,0.2472,-0.0054,0.2064,0.0464,0.0018,0.1734,0.0525,0.0063,0.0755,0.1965,0.2089,0.1225,-0.0469,0.179,0.132,0.2198,0.2356,0.0481,0.2045,0.1957,0.0298,0.0598,0.0624,0.0559,0.0635,-0.0169,0.0181,0.2229,0.0732,0.1407,0.2162,0.1767,0.0233,0.2259,0.1913,0.2472,0.1684,0.1765,0.1939,0.026,0.1468,0.0642,0.2019,-0.0099,0.1117,0.0509,0.8962,0.7536,0.9032,0.9044,0.9137,0.6917,0.9315,0.8733,0.8531,0.8457,0.6644,0.911,0.8143,0.7867,0.7518,0.8849,0.8847,0.911,0.7142,0.7521,0.7248,0.6801,0.7481,0.6578,0.889,0.7181,0.6712,0.6703,0.8723,0.7095,0.7886,0.7706,0.8907,0.9362,0.743,0.8397,0.9184,0.7911,0.9199,0.8701,0.7435,0.9122,0.822,0.6818,0.8262,0.8988,0.8056,0.7952,0.7749,0.9141,0.8497,0.7124,0.7587,0.759,0.9376,0.8588,0.6875,0.9243,0.6605,0.8273,0.7797,0.8652,0.7788,0.6777
2,-0.024,0.2454,-0.037,0.1337,0.055,0.006,0.0808,0.2292,0.0243,-0.0006,0.1388,0.1471,0.1032,0.0039,0.2123,-0.0167,0.0022,0.0225,0.1041,0.0929,0.1161,0.1681,0.2182,0.0905,-0.0374,0.1993,-0.0445,0.0454,-0.0071,0.1307,0.1846,-0.0114,0.0383,0.2053,0.1567,-0.0175,0.1559,0.1882,0.0726,-0.0034,0.1477,0.0458,-0.0099,-0.0006,0.0707,-0.0119,0.0655,0.1154,0.1156,0.0711,0.19,-0.0236,0.0489,0.23,0.2093,0.2262,0.1796,0.1107,0.1863,0.1218,-0.0147,0.0266,-0.0208,0.2125,0.0466,0.0722,0.1115,-0.0197,0.1617,0.1887,0.1888,0.2143,0.0452,-0.0064,0.1785,0.158,0.0615,0.053,-0.0039,0.1996,0.0882,0.1936,0.0519,0.0464,0.104,0.1737,0.2148,0.056,0.158,0.0711,0.2084,0.178,0.1166,0.0588,0.0321,0.2155,0.1903,0.0415,-0.0246,0.0085,0.2393,-0.0382,0.193,0.1087,0.1162,0.1119,0.0731,0.1172,-0.023,0.226,-0.0191,-0.0084,0.1518,0.1422,0.192,0.1578,0.2292,-0.0345,-0.0468,0.0211,0.1837,-0.0042,0.1094,0.1811,-0.0031,0.1082,0.2202,0.1742,0.7694,0.7937,0.7334,0.9382,0.8848,0.8541,0.7413,0.8695,0.796,0.8895,0.7592,0.9145,0.8554,0.7852,0.8188,0.8915,0.8087,0.9381,0.6522,0.9192,0.8642,0.7968,0.905,0.6946,0.7513,0.8642,0.897,0.7619,0.9482,0.8446,0.6636,0.6869,0.6729,0.821,0.7466,0.7283,0.7843,0.6735,0.9227,0.9015,0.8176,0.7833,0.7425,0.8308,0.754,0.9426,0.9368,0.868,0.8978,0.6726,0.6871,0.7537,0.6878,0.7768,0.9458,0.9003,0.9376,0.7165,0.7165,0.657,0.7321,0.6669,0.8084,0.7402
1,0.1822,0.16,0.2057,0.1539,0.1425,0.0862,0.0439,0.1385,-0.0206,0.0759,0.1847,0.1639,0.1389,0.025,0.0771,0.0866,0.1365,0.0728,0.1526,0.2291,0.0049,0.1463,0.1835,0.0666,0.097,0.2424,-0.0386,0.113,-0.0017,0.1845,0.2322,0.1058,-0.0197,0.1224,0.1123,0.1652,0.1037,0.1418,0.1987,0.1065,0.0731,0.2344,0.013,0.1553,0.0677,0.1788,-0.0133,0.2453,0.0566,-0.033,0.0323,0.0699,-0.046,0.0756,0.0762,0.1595,0.0556,0.0295,0.0173,0.1724,0.232,0.1081,0.0157,0.1904,0.7676,0.7136,0.6888,0.883,0.8929,0.8403,0.7907,0.8186,0.7178,0.9392,0.7559,0.8416,0.8956,0.8949,0.7904,0.7383,0.8145,0.6875,0.9001,0.7564,0.9052,0.7302,0.7628,0.7261,0.7778,0.7058,0.6508,0.8665,0.7344,0.7235,0.7405,0.7939,0.7785,0.8412,0.8478,0.7587,0.9286,0.9063,0.6671,0.8984,0.9217,0.8852,0.6921,0.8994,0.8399,0.6545,0.6534,0.9355,0.8468,0.725,0.6805,0.6928,0.7201,0.8829,0.7539,0.6958,0.9212,0.8875,0.7004,0.9173,0.8325,0.8844,0.8505,0.9182,0.1864,0.2016,0.0092,0.1578,0.1092,0.1726,0.0816,0.2148,0.1165,0.0293,0.0203,-0.0082,0.0979,-0.0325,0.0901,-0.0067,0.0974,0.0995,0.1119,0.2089,-0.048,0.2022,0.0904,0.1188,0.1496,0.2022,0.0625,0.0756,0.2382,-0.0274,0.1411,0.1408,-0.0414,0.1329,0.1548,0.2294,0.0491,0.2445,0.1032,0.0954,0.2193,-0.0398,0.1655,0.1376,0.0516,0.2085,0.0598,0.0924,0.1077,0.1812,0.0132,0.0806,0.0767,0.1162,0.198,0.0379,0.1983,0.0711,0.1011,0.0315,0.1019,0.2425,0.1464,0.1876
2,0.1656,0.1457,0.0787,-0.0242,-0.0163,-0.006,0.0052,0.005,0.1486,0.0523,0.2224,0.0202,0.0237,0.0049,-0.0067,0.1546,0.1235,0.0254,0.1931,0.1527,0.0786,0.1323,0.147,0.0823,-0.0225,0.0594,0.2338,0.062,0.1417,-0.0235,0.1822,0.2093,0.0619,0.0616,0.1039,0.0257,0.013,-0.0114,0.1561,0.1028,0.2369,0.2387,0.2123,0.2334,0.2015,-0.0426,-0.0111,0.2428,0.2121,0.1347,0.1359,0.0809,0.0774,-0.0063,0.1144,0.0324,-0.0134,0.2111,0.1224,0.2128,0.0382,0.123,0.033,0.1992,0.0127,0.1443,0.1165,0.0477,-0.026,0.096,0.1069,0.1954,0.0109,0.0056,0.0416,0.1907,0.0196,0.1402,-0.0404,-0.0254,0.1625,0.0991,-0.0162,0.0919,0.2322,0.0673,0.1171,0.0761,0.1016,-0.037,0.2149,0.1239,0.0541,0.0353,0.0061,0.2301,0.2023,0.0635,0.1309,0.1157,0.0101,-0.04,0.1706,-0.0012,0.1195,-0.0449,-0.0434,-0.0007,0.1461,0.1338,0.2473,0.148,0.1066,-0.0461,0.2374,0.0966,0.2074,-0.0374,0.2005,0.0928,0.015,0.0718,-0.0275,0.1243,0.0157,0.1605,0.0021,0.157,0.8353,0.8635,0.9351,0.7386,0.8549,0.7692,0.9182,0.8976,0.8791,0.83,0.7285,0.9224,0.9406,0.935,0.7515,0.8966,0.8537,0.9019,0.8906,0.7864,0.7686,0.8887,0.8464,0.8119,0.9121,0.6595,0.654,0.7894,0.6792,0.9027,0.6764,0.9146,0.7175,0.6902,0.8761,0.8533,0.7731,0.8289,0.8159,0.9346,0.8023,0.8119,0.7886,0.7735,0.857,0.6835,0.8577,0.9286,0.8783,0.8129,0.756,0.6793,0.6777,0.8118,0.914,0.9098,0.705,0.8748,0.8921,0.794,0.9075,0.706,0.7507,0.8043
0,0.868,0.7846,0.7406,0.9101,0.7676,0.7759,0.7171,0.7949,0.8619,0.7585,0.8486,0.798,0.6536,0.9387,0.7364,0.8137,0.9377,0.712,0.6692,0.7116,0.6959,0.9054,0.8052,0.6626,0.7315,0.8033,0.7023,0.7419,0.9214,0.7834,0.72,0.8293,0.6838,0.806,0.8444,0.6766,0.8146,0.7428,0.8734,0.8348,0.9228,0.8322,0.7049,0.7057,0.8611,0.8931,0.6688,0.7751,0.7349,0.7902,0.9117,0.8179,0.8733,0.8795,0.7333,0.8356,0.7625,0.7923,0.8092,0.8501,0.7005,0.9015,0.6983,0.7439,0.2048,0.2456,0.06,0.2356,-0.0388,0.2366,0.0103,-0.0395,0.1786,-0.0016,0.1756,-0.0479,-0.0128,0.0573,-0.0247,0.0913,0.0538,0.1716,0.0979,0.2396,0.2031,0.0013,0.2252,0.2184,0.1195,0.1081,0.001,0.0463,0.016,0.0088,0.1342,0.0473,0.1803,0.122,0.1982,-0.0238,0.2041,0.1023,0.1396,0.0215,0.1588,0.0718,0.1665,0.1253,-0.008,0.0402,0.1756,-0.0452,0.1395,0.1136,0.1644,0.0487,0.0931,0.0931,0.1748,-0.0281,0.1031,0.0279,0.1268,0.0278,0.0119,0.0195,0.2184,0.0591,0.214,0.1706,0.0307,0.1162,-0.0474,0.2299,0.1393,-0.0162,0.1057,0.0985,0.1512,0.0368,0.2229,0.1368,-0.0282,0.1956,0.2154,0.0413,0.1634,0.2081,0.2146,-0.0289,0.2011,0.0245,0.1906,0.156,0.0897,0.2206,0.191,0.2483,0.2376,0.122,0.1705,0.1511,0.0701,0.0996,0.1023,0.0147,0.0283,0.2034,0.2038,0.1592,0.1566,0.103,0.1219,0.1499,-0.0478,0.0831,0.2409,0.0117,0.0902,-0.0267,0.0265,0.1972,-0.0402,0.1896,0.1894,0.2104,0.0271,0.2295,0.0615,0.0851,0.2352,0.1134
0,0.773,0.9257,0.9335,0.8381,0.7172,0.7256,0.7287,0.7801,0.7194,0.711,0.8778,0.8428,0.7395,0.9483,0.715,0.8209,0.697,0.9089,0.9108,0.7302,0.8755,0.8968,0.7348,0.7495,0.7957,0.9173,0.6985,0.8548,0.8293,0.7859,0.8238,0.9149,0.7129,0.9151,0.7581,0.8839,0.909,0.7047,0.9092,0.9484,0.7393,0.6573,0.6835,0.9423,0.6528,0.9235,0.6952,0.8708,0.6793,0.7006,0.8548,0.6771,0.7519,0.9256,0.8649,0.9146,0.9439,0.6599,0.7204,0.8876,0.8568,0.6614,0.8014,0.7195,0.0791,-0.0185,-0.044,0.2472,0.0449,0.2136,-0.0139,0.0962,-0.0093,0.0785,0.0037,0.1556,-0.0056,0.1715,0.1002,-0.0163,0.0561,0.0989,0.2256,0.0548,0.0145,0.2403,0.2149,0.1694,0.0319,0.0032,0.0294,-0.0293,-0.037,0.1026,0.0724,0.117,0.0588,-0.0468,0.1564,0.1459,0.1132,0.1146,0.1571,0.2447,0.2122,0.1653,0.0698,0.0455,0.0757,0.2419,0.0661,0.0656,0.073,-0.0071,0.2495,-0.0484,0.1323,0.2279,0.0264,0.1333,0.0631,0.0222,0.0095,-0.0152,0.2029,0.1852,0.2226,-0.0351,0.1583,0.0473,0.1439,0.1147,0.0447,0.2415,-0.0497,0.1739,0.206,0.103,0.1277,0.2484,0.0203,0.1389,0.173,0.0637,0.1637,0.0681,0.1079,0.1338,0.1532,0.0466,0.1387,0.1129,0.017,0.1338,0.0295,0.2226,0.092,0.1665,0.1066,0.093,0.0164,-0.0074,0.2282,0.1086,0.1072,0.1082,0.194,0.0216,0.0017,0.1966,0.0881,0.1422,0.1982,0.2182,0.2103,-0.037,0.0644,0.1996,0.1953,-0.0131,-0.0038,0.0254,-0.0192,0.057,0.191,0.1064,0.0858,-0.0236,0.0687,0.2491,0.1585,0.0848
0,0.7951,0.6881,0.8557,0.8592,0.8234,0.9429,0.6636,0.8646,0.8903,0.6839,0.7466,0.6661,0.8249,0.8669,0.7544,0.8586,0.76,0.8637,0.7331,0.9434,0.7814,0.6511,0.6774,0.8678,0.9094,0.841,0.6966,0.9116,0.8651,0.6846,0.7642,0.8514,0.6511,0.6627,0.7561,0.9124,0.9489,0.7455,0.9227,0.8858,0.9095,0.8265,0.9408,0.8432,0.9344,0.8198,0.709,0.8056,0.7949,0.7512,0.7621,0.8031,0.8264,0.7168,0.7332,0.8009,0.8012,0.7756,0.8492,0.7056,0.8095,0.7327,0.881,0.8611,0.1843,0.1052,0.0247,0.2277,0.1032,0.0626,0.0371,0.0706,0.1626,0.1956,0.0948,0.1693,0.0139,0.0856,0.0574,0.0419,0.0578,0.1764,0.17,0.0122,0.0201,0.1853,0.1464,0.1529,0.1406,0.158,0.0318,-0.0317,0.0582,-0.0403,0.2386,0.1074,0.1511,0.24,0.1913,0.0188,0.0511,-0.0174,0.1887,0.1711,0.0963,0.0608,0.031,0.0962,0.1636,0.2186,0.2047,0.2103,0.0818,0.0764,0.0442,0.2423,0.005,-0.0027,0.0343,0.2266,0.2058,0.0494,0.2055,0.2172,0.0782,0.0077,0.1818,0.0624,-0.0142,0.2208,0.0819,0.0692,0.1286,0.0266,-0.0439,0.067,0.0638,-0.0467,0.0615,0.1784,0.0499,0.1539,0.1374,0.0065,-0.0439,0.1523,0.1333,0.0381,0.0101,0.2066,0.2228,0.02,0.1258,0.1224,0.0466,-0.0391,0.0476,0.1433,0.1306,0.103,-0.0133,0.0138,0.0434,0.0749,0.059,0.2207,-0.0152,0.2459,0.0221,0.207,0.0231,0.1262,0.0632,-0.0386,0.1889,0.1931,0.0308,0.1829,0.0937,0.2461,-0.0337,0.0641,0.0183,0.1375,0.1834,0.2026,0.1145,0.0662,0.1899,-0.0186,0.028,0.1758
0,0.8393,0.924,0.9322,0.8148,0.8659,0.6648,0.8697,0.7853,0.8758,0.8433,0.7359,0.6647,0.928,0.6882,0.7917,0.7531,0.7393,0.8717,0.9429,0.7281,0.8468,0.7403,0.8172,0.7683,0.7002,0.6985,0.7124,0.9218,0.7991,0.716,0.9219,0.9489,0.785,0.6919,0.7077,0.6772,0.7526,0.6773,0.7217,0.7275,0.8209,0.9162,0.8749,0.7738,0.7742,0.8073,0.7631,0.7515,0.6686,0.7333,0.9403,0.6878,0.801,0.8389,0.9089,0.7148,0.7313,0.7245,0.7699,0.7838,0.9362,0.9046,0.9119,0.6565,-0.0403,0.1629,0.2187,0.092,0.1262,-0.0499,0.0675,0.228,0.1977,0.2066,0.2417,0.0245,-0.0173,-0.0037,0.1067,0.1546,0.2324,0.1665,0.1442,0.1794,0.0872,0.1155,-0.0381,0.1847,0.0198,0.226,0.1437,0.0411,-0.0116,0.0255,0.1409,0.1596,-0.0164,-0.0289,0.1073,0.1249,0.0664,0.0171,0.1303,-0.0469,0.0405,0.0882,0.2377,0.1434,0.2151,0.0926,0.0204,0.0241,0.2382,0.1614,0.0422,-0.0435,0.0995,0.1523,0.076,0.0272,0.1502,0.2275,0.018,-0.0398,0.0514,0.0762,0.1548,0.0094,0.1891,0.1717,0.1015,0.0116,0.241,0.0435,0.196,0.0192,0.0164,0.1781,0.0385,0.2356,0.0987,0.0062,0.017,0.0751,0.1496,0.2346,-0.0061,0.068,0.0139,0.2422,-0.0074,-0.0344,-0.032,0.068,0.2195,0.2151,0.1698,0.2493,0.2295,0.0488,0.0057,0.2308,0.1739,-0.0404,0.1493,0.0636,0.0622,0.0495,0.0008,-0.0491,0.0339,0.0554,0.2367,-0.0129,0.2393,0.0122,0.057,0.1965,0.1966,0.0797,-0.0352,0.092,0.0618,0.2259,0.0079,0.0593,0.2191,-0.0409,0.0732,0.1935,0.18,-0.0378
1,0.1543,-0.0169,-0.0486,0.0294,-0.0183,0.1972,0.0249,0.2373,0.1535,0.0075,0.1632,0.0454,0.1081,-0.0272,0.1998,0.1862,0.1243,0.1572,0.052,-0.0117,0.0475,0.172,0.1189,-0.0096,0.0222,0.0925,-0.0457,-0.0366,0.085,-0.0098,0.2167,-0.0114,0.1748,0.1884,0.0446,0.1126,0.2476,0.1351,0.0661,0.2428,0.0279,0.2366,0.043,0.0765,0.0447,0.1456,0.2147,0.1567,0.0046,0.2471,0.1668,0.1019,0.2049,-0.0178,0.1294,0.1858,0.183,0.1519,-0.0312,0.0935,0.0306,0.1324,0.0691,0.0868,0.8114,0.8265,0.9171,0.7346,0.7325,0.7053,0.6838,0.9048,0.9259,0.6878,0.7581,0.9213,0.9092,0.9435,0.9478,0.7411,0.67,0.7249,0.8007,0.6546,0.7261,0.7919,0.8545,0.6964,0.687,0.7491,0.6773,0.6867,0.6809,0.8899,0.9138,0.6628,0.8913,0.9031,0.8453,0.74,0.896,0.6744,0.664,0.9364,0.7164,0.9246,0.8762,0.6641,0.6783,0.8439,0.6938,0.8498,0.8517,0.7194,0.793,0.7136,0.9114,0.8392,0.8573,0.8365,0.6683,0.9158,0.8838,0.8045,0.8272,0.7977,0.8766,0.8099,0.0333,0.1049,0.0141,-0.0485,0.1062,0.2111,0.1658,0.0127,0.1025,0.125,0.1238,0.088,0.1028,0.1565,0.2143,0.1047,0.1852,0.154,-0.0141,0.0277,0.0441,0.0562,0.0973,0.0384,0.2494,0.1702,0.0614,0.16,0.2274,-0.0021,0.1388,0.2376,0.0626,0.2132,0.1911,0.046,-0.0067,0.1919,0.0747,0.0551,0.0891,0.1685,0.2183,0.225,0.1799,0.0027,0.0608,-0.0479,0.0102,0.0521,0.0032,0.0929,-0.0105,0.1459,0.0733,0.0241,0.1558,0.0484,-0.0428,0.2015,0.1762,0.2135,0.0382,0.0292
1,0.0003,0.0532,0.1973,0.1914,0.2434,-0.0145,0.013,-0.018,0.1671,0.1736,0.1444,0.1839,0.1048,0.1187,0.2263,0.1445,0.1468,0.1266,0.0982,0.1771,0.1218,-0.0113,0.0778,0.0764,0.0797,0.1183,0.0585,0.0673,0.0781,0.0614,0.2416,-0.0229,-0.0449,0.1664,0.0686,0.0847,0.1275,0.0601,0.0218,-0.0454,0.2121,0.2317,0.0358,0.0896,0.0472,-0.0325,0.2178,0.2009,0.0223,0.0264,0.1595,0.189,0.0909,0.0662,0.0201,0.1895,0.2091,0.2074,-0.0157,0.1281,0.2456,0.1646,0.0878,-0.0065,0.6682,0.8695,0.6706,0.8927,0.8497,0.792,0.9175,0.9298,0.835,0.6799,0.8266,0.7763,0.7249,0.9286,0.8691,0.6865,0.7187,0.7528,0.8219,0.7474,0.7819,0.894,0.7045,0.866,0.7492,0.9334,0.9355,0.7482,0.8318,0.6832,0.7731,0.837,0.8414,0.7528,0.6602,0.6873,0.8181,0.7013,0.7418,0.8355,0.9202,0.8046,0.7264,0.8258,0.7327,0.8847,0.6968,0.7286,0.7816,0.9224,0.6996,0.7077,0.6895,0.7141,0.7497,0.7685,0.8779,0.7711,0.7925,0.7689,0.8823,0.921,0.7776,0.9264,0.0252,0.2433,0.1076,0.1546,0.0644,0.0315,-0.0095,0.2156,0.0579,0.1596,0.0882,0.108,0.0121,0.0031,0.0509,0.1545,0.113,-0.0493,0.1632,0.0799,-0.0293,0.028,0.0135,0.1969,0.115,0.048,0.0246,0.0374,0.034,0.0539,0.1872,0.1866,0.1594,0.2155,0.1462,-0.0159,-0.0366,-0.0007,0.0274,0.1085,0.1966,0.1257,0.0789,0.0226,0.2445,0.176,0.0524,-0.0362,0.2446,0.0268,0.2043,-0.0148,0.1459,0.0569,0.2167,0.0391,-0.0198,0.0097,0.1917,0.2436,0.1429,0.1545,0.0346,0.0317
2,-0.0219,0.0893,0.1685,0.079,0.1537,-0.0157,0.1985,-0.0134,0.227,0.2488,0.2318,0.1079,0.0372,0.0544,0.1751,0.099,0.2289,-0.0221,0.0954,0.2092,0.1293,0.1122,-0.0235,-0.0081,0.0314,0.2179,0.2036,0.0182,0.2274,-0.0403,0.1296,0.2402,0.0533,0.2333,0.147,-0.035,0.0499,0.0849,0.0242,0.1727,0.0037,0.1863,0.0395,-0.0292,0.1178,-0.0213,0.1155,0.1864,0.1287,0.0884,-0.0399,0.104,-0.0208,0.144,-0.0104,0.1234,0.0559,0.0624,0.1489,-0.0008,0.0009,0.2325,0.0495,0.2027,0.212,0.0941,-0.0053,-0.0218,0.2137,-0.0149,0.0988,0.1108,-0.0147,0.0903,-0.0008,0.1106,0.102,0.0601,0.0093,0.0711,0.011,-0.0119,0.022,0.2115,0.1005,0.2172,-0.0455,0.233,0.0965,0.1873,0.1211,0.1567,0.0188,0.175,-0.0039,0.0293,-0.0407,0.068,0.1054,0.0376,0.2172,-0.0247,0.1236,0.0202,0.1286,0.1852,0.1632,-0.0314,0.0237,0.1298,0.2449,-0.0376,0.1355,0.1576,0.1944,0.0526,0.1932,0.0885,0.2263,-0.0468,0.2321,0.0736,0.0721,-0.0236,0.0235,0.1701,0.1536,-0.0046,0.7533,0.6921,0.7095,0.7159,0.7493,0.9428,0.9492,0.8875,0.7939,0.7992,0.8838,0.9224,0.8754,0.8409,0.7097,0.8375,0.9037,0.886,0.6777,0.8652,0.7548,0.6987,0.9397,0.8518,0.8737,0.6905,0.8985,0.9311,0.9214,0.8735,0.8997,0.8907,0.8271,0.7806,0.8976,0.8853,0.9112,0.7397,0.9383,0.8095,0.9338,0.6848,0.9405,0.8862,0.7256,0.9015,0.7196,0.7094,0.7874,0.721,0.7978,0.9224,0.8556,0.8631,0.7676,0.8852,0.8881,0.8549,0.9325,0.8977,0.7719,0.6761,0.8457,0.9009
1,0.1744,0.2076,0.0657,-0.022,0.2119,0.1761,0.1291,0.243,-0.0386,-0.0332,-0.0127,-0.0435,0.1625,0.139,-0.0163,-0.0014,0.0043,0.1328,0.1517,0.2409,0.0582,0.2437,0.0803,0.0673,0.026,0.0198,0.2424,0.2485,0.1618,0.0025,0.004,-0.0043,0.0553,0.1712,-0.0323,0.1091,0.1542,-0.0399,0.0819,0.1873,0.1227,0.0855,0.2144,0.1303,0.0511,0.0688,0.233,0.2078,0.2245,0.1182,-0.0073,0.0025,0.065,0.1572,-0.0486,0.1906,0.1858,0.1045,-0.0483,0.1894,0.0742,0.1508,0.121,0.1685,0.7726,0.938,0.9367,0.9287,0.8346,0.7449,0.763,0.7307,0.9211,0.8877,0.8864,0.8964,0.9472,0.8564,0.7455,0.8773,0.7287,0.8333,0.6975,0.9073,0.7966,0.7325,0.9269,0.6749,0.9291,0.8771,0.6947,0.8783,0.822,0.9222,0.826,0.7782,0.93,0.6762,0.8831,0.6809,0.733,0.6841,0.9114,0.7825,0.8679,0.727,0.8691,0.8446,0.6793,0.7982,0.8665,0.7144,0.8463,0.7334,0.7612,0.926,0.9329,0.9494,0.778,0.8215,0.8925,0.8776,0.7869,0.9091,0.7704,0.935,0.7918,0.6856,0.1747,-0.0065,0.1539,-0.0339,0.2465,0.1123,0.1721,-0.0107,0.1411,0.063,0.0247,0.1945,-0.04,0.0934,-0.0239,0.2054,0.218,-0.0397,0.0894,0.0907,0.1656,0.1687,0.053,0.2298,0.0056,-0.009,0.1944,-0.014,0.0058,0.1,0.0509,-0.0009,0.229,0.0922,0.1858,0.0251,0.2238,0.0163,0.2219,0.1339,0.2413,0.1813,0.1392,0.1099,0.2065,0.0831,-0.0205,0.2241,0.1917,0.1546,0.1734,0.0196,0.089,0.1969,0.2386,0.227,-0.0019,0.1552,0.1162,0.0715,0.0003,-0.0089,0.0911,0.0979
2,-0.0482,0.1237,0.0501,-0.0438,0.0878,0.2459,-0.0364,-0.0063,0.1513,0.0318,0.032,0.1,0.0286,0.1207,0.1084,0.2371,0.2477,-0.0398,0.1182,0.1813,0.2117,0.1823,0.1399,0.1404,0.0589,0.0345,0.1886,0.2118,0.2316,0.1544,0.0412,0.179,0.1719,0.1027,0.1406,0.0551,0.1152,0.0718,-0.0319,0.0512,0.047,0.2465,0.0944,0.0602,0.023,0.0204,0.0548,-0.0093,-0.0478,0.2113,0.0859,0.0837,0.1206,0.0407,0.0007,-0.0301,0.0404,0.0425,0.168,0.1154,0.2312,0.0521,0.2264,0.125,-0.026,0.0036,0.1241,0.2462,0.0571,0.1823,0.0785,0.2105,-0.0297,0.0954,0.2197,0.0328,0.0273,-0.0431,-0.0006,0.0304,0.1613,0.0155,0.0699,0.0101,0.1309,0.2092,0.1444,0.009,0.1702,0.2389,0.1303,-0.0262,0.1928,0.2127,0.0523,-0.009,0.0065,0.1111,0.2126,0.142,0.2269,0.0137,0.048,0.1748,0.1447,0.0716,0.1537,0.0513,-0.0328,0.0743,-0.0364,0.1379,0.0504,0.0983,0.1294,0.0271,0.089,-0.0459,0.2276,0.1192,0.2463,-0.0332,0.1342,0.1672,0.0487,-0.022,-0.0031,-0.0072,0.8802,0.677,0.8942,0.777,0.8116,0.8265,0.8165,0.8472,0.8305,0.7493,0.8723,0.7273,0.8634,0.879,0.8828,0.7428,0.8818,0.9432,0.7859,0.7335,0.807,0.9323,0.6896,0.6527,0.7927,0.8466,0.8822,0.7587,0.9469,0.7185,0.877,0.677,0.6584,0.6902,0.668,0.8006,0.8166,0.7045,0.9319,0.7597,0.6948,0.7032,0.8713,0.9264,0.6986,0.6587,0.8834,0.7228,0.9447,0.7997,0.8408,0.7533,0.8902,0.788,0.7471,0.9211,0.6823,0.87,0.6696,0.8436,0.7706,0.9092,0.668,0.8193
1,-0.0316,0.2118,0.2362,0.0984,0.104,0.1092,0.1112,-0.0438,0.2402,0.0171,0.0047,-0.0192,0.0251,0.1951,-0.041,-0.0211,0.1597,0.0085,-0.0447,0.1298,0.1229,0.1069,0.1608,-0.0191,0.2109,0.1651,-0.0364,-0.0131,0.0981,0.1002,0.0339,-0.0134,0.0717,-0.0089,0.1275,0.2083,-0.0058,0.1219,0.174,-0.0007,0.1978,0.2313,0.0666,0.0761,0.2019,0.1077,0.0687,0.2324,0.1831,0.0516,0.0221,0.0505,0.0807,0.2444,0.1913,0.2238,0.1945,0.2043,-0.0339,0.1052,0.2374,0.2303,0.0248,0.0766,0.8398,0.7593,0.8092,0.6708,0.7799,0.8014,0.6562,0.6918,0.9409,0.883,0.9311,0.84,0.8928,0.9153,0.9154,0.6603,0.8425,0.7297,0.8535,0.732,0.8127,0.9273,0.8364,0.7252,0.8061,0.7801,0.9353,0.7363,0.7416,0.8443,0.6861,0.8283,0.9368,0.8041,0.7305,0.7899,0.8101,0.6945,0.6872,0.6894,0.7381,0.772,0.7365,0.723,0.6764,0.8139,0.9019,0.833,0.8211,0.8451,0.7104,0.8631,0.7883,0.8144,0.8338,0.7907,0.7432,0.7227,0.7165,0.8037,0.765,0.8257,0.6536,0.7558,0.2086,0.0216,0.117,0.0974,0.0354,0.2463,0.0387,0.1816,-0.0024,-0.03,0.2114,0.082,-0.0314,0.0664,0.082,0.1706,-0.0172,0.0176,0.2378,0.1716,-0.0036,0.0511,0.0557,0.1526,0.1349,0.205,0.1964,0.1053,0.1716,0.173,0.1779,0.0926,0.1855,0.1626,0.2244,-0.0118,0.2112,-0.0487,0.1797,0.1258,0.0994,0.2388,0.1216,0.0754,0.1851,0.2118,0.1322,0.0639,0.0857,0.0874,0.1669,0.0379,0.0672,0.1166,0.0654,0.0466,0.1861,0.2049,0.0999,0.0832,0.0053,0.0412,-0.0065,0.1226
0,0.8071,0.8961,0.8867,0.757,0.7167,0.8734,0.8905,0.7157,0.9149,0.9477,0.78,0.7642,0.863,0.9289,0.7105,0.7405,0.7487,0.8697,0.706,0.8141,0.8001,0.8505,0.693,0.937,0.95,0.8183,0.8886,0.705,0.9231,0.8154,0.8779,0.9105,0.7585,0.9272,0.7122,0.657,0.8007,0.9196,0.9201,0.9365,0.8032,0.9298,0.818,0.6931,0.8393,0.891,0.7772,0.8306,0.7277,0.7328,0.7761,0.804,0.7905,0.6777,0.6517,0.7521,0.8651,0.8745,0.7211,0.7267,0.805,0.7026,0.8309,0.9212,0.0106,0.1257,0.1662,0.1748,0.1636,0.1632,0.0318,0.2015,0.2275,-0.0342,0.2332,0.0828,-0.0241,-0.0291,0.1891,0.1533,-0.0074,0.088,0.1416,0.2493,0.0508,0.18,0.0235,0.0097,-0.0016,0.073,0.1355,0.041,-0.0014,0.0156,-0.0245,0.0079,0.0447,0.1014,0.0051,0.0939,0.0819,0.2419,0.0959,0.2334,0.0914,0.0094,0.1276,-0.0066,0.0008,-0.028,0.1604,0.2401,0.071,0.0562,0.0775,0.0556,0.1572,0.0676,-0.0043,0.2093,0.1218,-0.0481,0.2048,0.1685,0.0563,0.139,0.2261,0.0705,0.0798,0.0395,0.1163,0.1488,0.1705,0.2348,-0.0064,0.0598,0.2055,0.1873,0.127,0.1532,0.052,0.2335,0.1148,0.0708,0.0047,-0.0154,0.2193,0.1901,-0.042,0.047,0.0939,0.0987,0.059,0.2185,0.055,0.1096,0.2288,0.1418,0.0931,0.0498,0.0661,0.1327,0.1858,0.0282,0.0611,0.0663,0.0589,0.2239,0.1117,0.0327,0.0497,0.1964,-0.0019,0.157,-0.0435,0.0079,-0.0322,0.1917,-0.0059,0.0184,-0.0327,0.0292,0.17,0.166,0.2231,0.2341,0.1153,0.2266,-0.0231,0.2275,0.0802,0.0079
2,0.0493,0.0451,0.0398,0.1259,0.1404,0.1853,-0.038,0.1668,0.2157,0.1136,-0.0351,0.0401,-0.0481,0.007,0.2264,0.1326,0.1474,0.1867,0.2229,0.1335,0.135,0.138,0.1589,0.1289,0.1543,0.0138,0.1501,0.0874,0.1788,-0.0196,0.0044,-0.0389,0.1824,0.2242,0.1467,0.0607,0.1968,0.186,0.1186,0.0274,0.0406,0.0765,0.0455,0.0792,0.1425,0.2302,-0.0336,0.1203,-0.0382,-0.0143,0.1931,0.1226,0.2256,0.0839,-0.0458,0.0661,0.1276,0.2313,0.2442,0.0926,0.0737,-0.0194,0.1434,0.0137,-0.0045,-0.0453,-0.0486,0.1551,-0.0135,0.2399,-0.0236,0.2109,-0.0113,-0.0447,0.1658,0.0227,0.1701,0.0062,-0.035,0.1822,0.1641,0.2066,0.1689,-0.0247,0.1386,0.1628,0.0882,0.2297,0.0262,0.2393,0.1652,-0.0466,-0.0456,0.1452,0.1952,-0.0261,0.0433,0.1688,-0.0002,0.2083,0.0959,-0.0321,0.0603,0.1225,0.0816,0.1531,-0.0065,0.1892,0.059,0.1435,0.1389,0.0754,0.0657,0.1859,0.2335,0.1854,0.12,0.0377,-0.0318,0.2422,0.161,0.1982,0.0496,0.1317,0.2432,0.1994,0.1303,0.0426,0.7786,0.9164,0.763,0.8554,0.8305,0.9188,0.8922,0.735,0.6505,0.7289,0.7768,0.826,0.8948,0.9162,0.6627,0.9,0.8935,0.9102,0.8216,0.7322,0.9054,0.8921,0.8554,0.9241,0.7541,0.6755,0.8161,0.8892,0.7101,0.8751,0.9295,0.7202,0.8321,0.8533,0.7896,0.712,0.7264,0.8753,0.8875,0.7879,0.6763,0.892,0.8816,0.7199,0.8239,0.9191,0.9155,0.8066,0.793,0.8268,0.7067,0.7077,0.7042,0.8603,0.7588,0.8193,0.7707,0.8052,0.6947,0.6634,0.9491,0.7622,0.6818,0.8398
0,0.914,0.6546,0.7281,0.7208,0.8732,0.9334,0.8738,0.7481,0.914,0.7486,0.7218,0.9223,0.8392,0.8579,0.8496,0.9437,0.7908,0.9019,0.8593,0.9073,0.7812,0.8674,0.8211,0.7423,0.7136,0.8368,0.6733,0.9232,0.6934,0.6581,0.682,0.9287,0.7535,0.6926,0.6586,0.6625,0.8578,0.8402,0.8591,0.871,0.6697,0.8271,0.759,0.8953,0.8959,0.9174,0.6698,0.9103,0.9243,0.9333,0.6821,0.7117,0.6836,0.6603,0.9043,0.8936,0.8403,0.8975,0.8395,0.7362,0.68,0.6794,0.8772,0.7115,0.0457,0.0771,-0.0437,0.027,0.0348,0.1647,0.0604,0.0462,0.2392,0.1011,0.2054,0.1355,-0.0407,0.0739,0.0809,0.1819,0.054,0.1614,0.1114,0.015,0.2087,-0.0227,0.1959,0.0011,-0.0496,0.0106,0.1787,0.2434,-0.0487,0.0972,0.0974,0.189,0.0054,0.0984,0.0542,0.1996,0.0282,0.2332,0.0351,0.0144,0.1598,0.0995,-0.017,0.141,-0.0257,0.1864,0.1591,0.1861,0.1384,0.0567,0.0704,0.0684,0.2171,-0.0241,0.2165,-0.0424,0.0118,0.029,0.2204,0.1004,0.0638,0.2152,0.0201,0.0883,0.1095,0.1763,0.1759,0.1439,0.0545,0.048,-0.0034,0.2029,0.1486,0.1726,0.0009,0.0816,0.182,0.1238,-0.0122,0.0886,0.2155,0.0214,0.0075,0.0405,0.1609,0.2031,-0.0036,-0.0032,0.0243,0.048,0.1067,-0.0017,0.0484,0.0068,0.2425,0.1686,-0.0195,0.2387,-0.0195,0.0653,0.2451,0.1885,0.17,0.0805,0.0089,0.1414,-0.0179,0.0119,0.0665,-0.0398,0.0697,0.1873,0.158,0.1001,0.1397,0.089,-0.0075,0.1311,0.0714,0.1723,0.2224,0.079,0.1222,0.1747,0.0763,0.0186,0.1667,0.214
2,0.1245,-0.0236,0.226,0.0472,0.203,0.2014,0.2376,0.0113,0.0779,0.2232,-0.0468,-0.0358,0.1195,0.0992,0.2261,0.182,0.1115,0.2495,0.1052,0.1052,0.1556,0.0669,0.0573,0.1284,0.0553,0.2344,0.1529,0.1076,-0.0203,0.0623,0.0703,0.1184,0.1222,0.214,0.2393,0.096,0.082,0.1374,0.2488,0.053,0.109,0.1948,0.0012,0.0454,0.2435,0.1978,0.1038,-0.0168,0.2184,0.157,0.1962,0.2471,0.2164,0.0763,-0.0031,0.037,0.1035,0.1015,0.0064,0.0047,0.139,0.1309,0.056,0.2481,0.141,-0.0373,0.0734,0.1863,0.042,0.1572,-0.0488,0.0413,0.2026,0.1259,0.1504,0.009,0.0994,0.116,0.0298,0.144,0.1094,0.2491,0.1223,0.0733,-0.0135,-0.003,0.1778,-0.018,-0.02,0.0012,0.1067,0.1969,0.1339,0.192,-0.0314,-0.0463,0.1812,0.0468,0.1646,0.0562,0.0008,0.03,-0.0202,0.2212,0.1247,0.0547,0.085,0.0657,-0.0336,0.2172,0.1248,0.2379,0.0819,0.1361,0.0248,-0.0368,0.2292,0.2064,0.0444,0.2197,0.1948,0.0411,0.1308,0.238,0.0987,0.2349,0.0229,0.0669,0.8655,0.7164,0.7427,0.9126,0.7953,0.8878,0.723,0.702,0.7575,0.706,0.9415,0.7372,0.8185,0.6845,0.8101,0.7657,0.771,0.6696,0.687,0.8977,0.7554,0.7235,0.7074,0.7351,0.7212,0.6605,0.8493,0.7524,0.6968,0.8618,0.6778,0.7309,0.9005,0.6883,0.783,0.9009,0.8915,0.6978,0.7559,0.8667,0.7631,0.9375,0.7124,0.9353,0.8014,0.7182,0.7858,0.6893,0.8619,0.7282,0.9199,0.8263,0.7604,0.7239,0.8325,0.7138,0.9117,0.6868,0.8039,0.8128,0.7311,0.8815,0.7654,0.8473
0,0.7519,0.8285,0.9009,0.8879,0.6513,0.7967,0.6549,0.6832,0.8937,0.7756,0.8314,0.7872,0.7506,0.7141,0.7561,0.9034,0.8358,0.7376,0.6764,0.7313,0.8604,0.7826,0.8483,0.8921,0.6862,0.8549,0.6625,0.8969,0.7052,0.7314,0.9373,0.7587,0.7173,0.917,0.8331,0.9182,0.7683,0.7999,0.9367,0.802,0.9466,0.7068,0.8992,0.6987,0.8082,0.6501,0.7026,0.9335,0.7864,0.8928,0.7252,0.7557,0.6803,0.8158,0.9087,0.8042,0.763,0.9286,0.9181,0.8499,0.6728,0.8372,0.7832,0.9374,0.0585,0.1483,0.1396,0.0628,0.1067,0.153,0.2222,0.0994,0.0591,0.2429,-0.0329,0.2004,0.1551,0.1172,0.0843,0.1753,0.2173,0.1687,0.1749,-0.0395,0.0476,-0.0089,0.2359,0.2174,-0.0066,0.1263,0.123,-0.036,0.0677,0.1742,0.1424,0.0343,0.1787,0.0374,0.1133,0.0762,0.2434,0.1446,0.1915,0.1529,0.0641,0.2389,0.1629,0.1573,0.0332,-0.0014,0.1225,0.1978,0.1881,0.0542,-0.008,0.1048,0.2132,-0.0014,0.1715,0.0012,0.0436,-0.034,0.0393,0.0649,0.2401,0.2386,0.0061,0.0428,0.2331,0.0092,0.0463,0.0815,-0.0175,0.0281,0.0682,0.0657,0.2391,0.0301,0.0112,0.2226,0.0851,0.2011,0.1411,0.1836,0.0444,-0.0044,0.1771,0.0911,0.1176,0.1512,0.1758,0.0326,0.0588,0.2252,0.1088,0.0365,0.1391,0.0279,0.1814,-0.0376,0.198,0.1199,0.0561,0.232,0.0297,0.023,-0.029,0.1146,0.1761,0.1534,0.0738,0.1923,-0.0166,0.0421,0.1434,0.2402,0.1402,0.1576,0.1824,0.0683,0.2321,0.1727,0.0525,0.0678,0.1917,0.0549,0.0057,0.2115,0.1095,0.1064,0.1508,0.2205
2,0.0476,0.0347,0.2092,0.1415,0.0942,0.064,0.2265,0.2318,0.0849,0.12,0.2088,0.0269,0.0276,-0.0191,0.1006,0.1805,-0.003,0.0797,0.2472,0.0944,0.0647,0.2018,0.2176,0.0628,-0.0129,0.141,0.1721,0.227,0.148,0.0423,0.1045,0.0363,0.0838,0.0904,0.2237,0.2218,0.2279,0.0934,0.2393,-0.0083,0.2263,0.1421,0.2117,0.074,0.2473,-0.0425,0.2043,0.1958,0.0623,0.1986,0.0141,0.1758,0.0905,0.0733,0.009,0.19,0.1693,-0.0233,0.2434,0.0164,0.0626,0.0744,0.123,0.2171,0.2335,0.14,0.0597,-0.0178,-0.0294,0.1057,0.125,0.0842,0.2447,0.0741,0.0553,0.0754,0.0015,0.2317,0.1273,0.1128,0.0777,0.025,0.0446,0.0981,0.0839,0.2438,0.1189,0.0121,-0.0339,-0.0022,0.0537,0.1847,0.2168,0.0209,0.1841,0.0825,0.1113,0.1099,-0.0372,-0.0301,0.1503,0.1567,0.0641,0.2257,0.196,0.0406,-0.0299,0.116,0.1463,0.0173,-0.0368,0.0961,-0.0397,0.171,0.1377,0.0338,0.0837,0.0199,0.0058,0.0044,0.1947,0.086,0.1646,0.0543,0.1921,0.1288,0.1462,0.0678,0.8185,0.7072,0.9421,0.8517,0.8097,0.8416,0.68,0.7503,0.7192,0.9029,0.6539,0.7834,0.9106,0.8848,0.8656,0.7405,0.7197,0.8613,0.7396,0.8669,0.755,0.8782,0.8219,0.8946,0.9457,0.7636,0.946,0.653,0.9132,0.6589,0.8136,0.7665,0.881,0.7445,0.7125,0.8852,0.8151,0.8767,0.7968,0.661,0.8814,0.7154,0.7915,0.6502,0.7277,0.8497,0.8793,0.8409,0.783,0.8698,0.8507,0.7118,0.8105,0.8294,0.8686,0.7093,0.7432,0.7529,0.6788,0.7545,0.8689,0.8233,0.7019,0.8695
1,0.1959,0.1617,0.2216,0.2335,0.0983,0.0999,-0.0028,0.0399,0.1243,-0.0259,0.1564,-0.0009,0.083,0.2409,-0.0231,-0.038,0.0819,0.0072,0.1669,-0.0492,0.2022,0.2066,0.1861,0.0776,0.035,0.1485,0.1044,0.0764,0.0516,0.0816,0.1498,0.1978,0.2212,-0.0007,0.0387,0.0829,0.119,0.0544,0.0086,-0.0245,0.0471,0.0881,0.2414,0.2226,0.2096,0.2423,0.2385,0.136,0.1933,-0.032,0.1529,0.1327,0.0391,0.1213,0.2358,0.0942,0.1442,0.0398,0.053,0.2155,-0.0416,0.0067,0.1536,0.0842,0.6756,0.8481,0.7616,0.8242,0.7749,0.809,0.8194,0.7689,0.6843,0.7042,0.917,0.8144,0.6837,0.9087,0.726,0.6785,0.8092,0.7255,0.7968,0.8162,0.718,0.8218,0.6839,0.804,0.8265,0.6741,0.7724,0.672,0.7819,0.909,0.8152,0.8644,0.8771,0.6844,0.9472,0.8665,0.6806,0.8991,0.7676,0.7014,0.938,0.8189,0.8825,0.691,0.8828,0.6673,0.7211,0.7617,0.6546,0.8283,0.7139,0.74,0.8622,0.7778,0.9166,0.8364,0.9116,0.8189,0.9253,0.9112,0.7004,0.8736,0.7524,0.8791,0.1542,0.1977,-0.0132,0.0619,0.1712,0.2344,0.1665,-0.0369,0.1311,-0.0201,0.1146,0.1909,-0.0161,0.2276,0.1526,0.0264,0.0079,0.084,0.2014,0.1244,-0.0159,-0.0437,-0.0169,0.1902,0.0056,0.1163,0.037,0.1561,0.0642,-0.0067,0.2126,0.1115,0.1569,0.1925,0.2346,-0.0459,0.0527,-0.0047,0.1005,0.2119,0.1901,-0.0394,0.0047,0.1955,0.1539,0.0678,0.0927,-0.0025,0.2035,0.068,0.2119,0.1333,-0.0272,0.0488,0.0149,0.2182,0.1268,-0.0369,0.0009,0.0583,0.0903,0.1231,0.0664,0.0561
0,0.7409,0.7727,0.8569,0.7835,0.8685,0.6785,0.9297,0.7527,0.8997,0.6592,0.8986,0.7179,0.9065,0.8909,0.8512,0.7333,0.6529,0.707,0.9215,0.6974,0.8478,0.8261,0.8484,0.7042,0.6931,0.6791,0.9448,0.7649,0.8457,0.8209,0.717,0.6694,0.6544,0.9058,0.689,0.9389,0.7591,0.8668,0.6915,0.8864,0.7255,0.7599,0.8069,0.6834,0.7245,0.8888,0.7356,0.7642,0.8794,0.7172,0.7082,0.7157,0.7653,0.7596,0.8424,0.7915,0.9109,0.6652,0.8491,0.9009,0.7204,0.6588,0.7815,0.6848,0.088,0.1635,-0.0219,-0.0147,0.0939,0.0021,0.0192,0.0821,-0.0145,-0.0296,0.0583,0.0908,0.231,0.1164,-0.0285,0.0167,0.1733,0.1189,0.2111,0.2387,0.2074,-0.017,0.2331,0.1075,0.0219,0.0012,0.2094,0.0137,-0.0251,0.0296,0.2272,0.0883,0.1694,-0.0277,0.0859,0.0453,0.0116,0.1489,0.0584,-0.0141,0.2453,0.0945,0.004,-0.0467,0.1459,0.1044,-0.0427,0.0911,0.1721,0.1111,0.0202,0.0997,0.1315,0.1453,-0.0065,0.1911,0.2337,0.1721,0.2072,0.0603,0.2208,0.0045,0.0181,0.1294,0.2205,-0.0254,0.0151,-0.0392,0.0817,-0.0079,0.0075,0.1747,0.125,0.2318,0.0706,0.1537,-0.0462,0.2345,0.0199,0.0931,0.1035,0.2345,0.0976,0.2476,0.1364,0.0149,0.2002,0.0106,0.2499,0.087,0.0179,0.2384,0.0465,0.0721,0.0529,0.1506,-0.0431,0.0622,-0.0014,0.1984,-0.05,0.1323,0.0274,0.0862,0.1186,0.1635,-0.0087,0.0221,-0.0138,0.2381,-0.0053,-0.0089,0.1067,0.1244,0.216,-0.0329,0.0203,0.0003,0.1257,0.0857,0.0727,0.2165,0.1485,0.2081,0.2371,0.0307,0.2326,0.0723
0,0.7256,0.7223,0.9019,0.6641,0.8727,0.6793,0.9334,0.7725,0.8293,0.909,0.6801,0.6692,0.8581,0.8263,0.8663,0.7333,0.7991,0.706,0.7811,0.7345,0.8257,0.7397,0.7324,0.8427,0.6757,0.8904,0.7987,0.7187,0.6845,0.8026,0.8012,0.8659,0.7622,0.7737,0.9178,0.7321,0.9443,0.9178,0.9471,0.933,0.7272,0.8943,0.8336,0.7112,0.9493,0.8443,0.8929,0.8174,0.6739,0.909,0.7026,0.7277,0.8349,0.7082,0.7888,0.8641,0.6788,0.8482,0.6813,0.7927,0.8448,0.8562,0.6629,0.7073,0.238,0.0673,0.0774,0.0624,0.1589,0.1721,0.1451,0.0707,0.1209,0.1046,0.0064,0.2348,0.2395,0.1832,0.2478,0.0897,0.2017,0.0222,0.1728,0.1645,0.2316,0.2,0.2138,0.0303,0.1862,0.0926,0.0437,0.0605,0.1897,0.2028,0.2034,0.1508,0.0011,-0.0033,0.1204,0.0136,0.051,-0.0193,-0.0036,0.1651,0.0171,0.2044,0.0487,0.2047,0.0408,0.0302,0.0684,-0.0464,0.0807,0.064,-0.0462,0.2085,0.0625,-0.0499,0.2381,0.0185,0.0259,-0.0427,-0.0201,0.1629,0.1246,0.1012,0.0239,0.036,0.241,0.0617,0.2468,0.216,-0.0126,0.2044,-0.0437,0.1633,0.1929,0.1587,0.1149,0.1939,-0.0037,0.1119,0.0298,0.0697,0.0074,0.1625,0.1219,0.1838,0.1385,0.1298,0.2266,0.1937,0.12,0.0478,0.2284,0.0613,-0.0194,0.05,0.1619,0.2294,0.1437,0.1488,0.2312,0.1834,0.0836,0.0885,0.1779,0.0453,-0.0171,0.1359,0.1927,0.0245,0.1551,0.2178,-0.0117,-0.0093,0.0979,0.0503,0.2348,0.249,0.0837,0.1879,0.1395,0.002,0.2415,0.0023,-0.0272,0.0858,-0.0447,0.0942,0.0736,0.2363
1,-0.0099,0.0516,-0.0302,0.074,0.1006,0.2056,0.1503,0.1233,0.0711,0.1221,0.0321,0.2034,0.1865,0.2015,-0.0047,0.1515,0.1762,0.1002,0.2195,0.2196,0.1729,0.1963,0.1447,0.2136,-0.0106,0.1612,0.1611,0.1337,0.0325,-0.0298,0.131,0.1973,0.0319,0.0139,0.0172,-0.0218,0.1528,0.2424,0.1906,0.0579,0.1598,-0.0283,0.2016,0.0475,-0.049,0.1388,-0.0084,0.0325,-0.0323,0.0837,0.1165,0.1922,-0.0381,0.1982,-0.0168,0.0173,0.1388,0.052,0.0493,0.1205,0.0154,0.188,0.0127,0.2018,0.8926,0.8111,0.6591,0.8834,0.6585,0.8014,0.7772,0.6689,0.839,0.8674,0.8255,0.77,0.8036,0.8266,0.7179,0.9103,0.9487,0.8913,0.9384,0.7488,0.9459,0.6714,0.7934,0.6901,0.7862,0.8548,0.8625,0.7864,0.7525,0.707,0.7709,0.7348,0.7083,0.8708,0.8049,0.7816,0.7093,0.8611,0.709,0.7297,0.8181,0.8604,0.9419,0.8743,0.9345,0.926,0.8668,0.8659,0.6688,0.7117,0.6539,0.9091,0.8666,0.8391,0.7291,0.7566,0.6991,0.8397,0.9474,0.7417,0.6633,0.7026,0.7566,0.9197,0.1913,0.0865,-0.0194,-0.018,-0.0038,0.1832,0.0914,0.2472,0.2235,0.1884,0.0929,0.1966,-0.0115,-0.0173,0.119,0.1024,0.0128,0.0256,-0.0436,0.2227,0.1631,0.2336,0.2442,0.081,0.1697,0.0652,0.1936,0.2024,-0.0099,-0.0461,0.0142,0.1256,0.0637,-0.0473,0.1991,0.1858,0.0891,-0.037,0.2167,0.1103,-0.0287,0.047,0.1374,0.2156,0.0954,0.1418,0.0117,0.023,0.2217,0.0648,-0.0188,0.1274,-0.0121,0.01,0.0869,0.1257,0.1409,0.1621,0.0819,-0.0297,0.1673,-0.0339,0.0912,0.0701
1,0.238,0.0573,0.136,0.1126,0.0289,0.184,-0.0488,0.0249,0.0462,0.2146,0.1002,-0.039,0.0397,0.1329,0.1926,-0.0173,0.1838,0.0672,0.1072,0.0763,0.0815,0.2472,0.2257,0.2254,0.1707,0.1601,-0.0075,-0.0394,0.1993,0.1519,0.1392,0.0438,0.0301,0.2263,0.1096,-0.0441,0.0521,0.0547,-0.0297,0.2434,0.2209,0.1944,-0.0487,0.0753,-0.0165,0.1677,0.1928,0.1868,0.1875,-0.0138,-0.046,-0.0221,0.2027,0.1988,0.1048,0.0204,0.2071,-0.0139,0.0475,-0.0494,0.2449,0.0745,0.1813,0.1905,0.8243,0.9461,0.8824,0.9281,0.939,0.6746,0.8752,0.7179,0.7474,0.7525,0.9466,0.6681,0.7805,0.6884,0.9492,0.7988,0.8606,0.806,0.8802,0.751,0.774,0.8733,0.8608,0.9163,0.7428,0.9045,0.8712,0.822,0.7724,0.8201,0.673,0.6791,0.7434,0.687,0.6646,0.8651,0.8694,0.8347,0.7118,0.8666,0.8978,0.8358,0.7182,0.8194,0.7684,0.7307,0.6946,0.9095,0.8397,0.9298,0.7016,0.7293,0.8028,0.6677,0.7407,0.812,0.7945,0.9229,0.8232,0.8413,0.8255,0.8856,0.7599,0.6502,0.2441,0.1877,-0.012,-0.0164,0.0167,0.1474,-0.0107,-0.044,0.0982,-0.0482,0.0277,0.0647,0.0116,-0.0493,0.028,0.0231,0.0473,0.0743,0.058,0.0472,-0.0443,0.2012,0.1715,0.0979,-0.0491,0.02,0.2202,0.0872,0.0116,0.196,0.2174,-0.0133,0.1003,0.1184,-0.0148,0.0458,0.1355,0.1521,0.1385,0.1361,0.0634,-0.0294,-0.0452,0.2013,0.2094,0.2215,-0.0272,0.1808,0.0015,0.0539,0.0101,0.208,0.1957,0.1998,0.0644,0.2308,0.028,0.1223,0.152,0.0201,0.0645,-0.0199,0.189,0.0053
1,0.0935,0.1895,0.1776,-0.005,0.1541,0.0601,0.1062,0.0213,0.0612,0.052,0.0643,-0.0447,0.0103,0.1212,-0.0327,0.0035,0.1655,0.0324,0.0472,0.0225,0.2002,-0.0226,0.1408,0.2077,0.0105,0.0769,0.1877,0.1354,0.0615,-0.0368,0.0828,0.0602,0.1638,0.0386,0.0724,0.1445,0.1932,0.0557,0.0656,0.1236,0.2274,0.0075,0.2414,0.1636,0.0617,0.1497,0.0488,-0.0288,0.1768,0.0638,0.1077,0.099,0.2204,0.1771,-0.0423,0.1278,0.0888,0.0887,0.2019,0.0745,0.0921,0.2171,0.082,0.0974,0.8035,0.8974,0.8511,0.8721,0.7705,0.6622,0.854,0.8162,0.8808,0.881,0.6854,0.7162,0.6731,0.8952,0.6805,0.6765,0.876,0.8193,0.6665,0.8543,0.8633,0.7948,0.6664,0.8573,0.7754,0.8252,0.9494,0.8951,0.9116,0.6937,0.7503,0.8055,0.6518,0.9466,0.7324,0.7287,0.7439,0.7265,0.9077,0.8167,0.8033,0.7761,0.6653,0.7413,0.91,0.8906,0.907,0.7271,0.7106,0.6656,0.8111,0.7621,0.7893,0.7967,0.8251,0.7597,0.8904,0.7101,0.9258,0.8168,0.6653,0.7443,0.8099,0.7727,0.1195,0.0471,0.0321,0.1888,0.0375,0.1632,0.1907,0.1276,0.0864,0.2305,0.0835,0.2134,-0.0327,0.0801,0.1418,-0.0353,0.2088,-0.0284,0.1289,0.004,0.2267,0.1183,0.1902,0.0995,0.1522,0.1525,0.0385,0.0133,0.2015,-0.0063,0.2254,0.0121,-0.0197,-0.0214,0.1853,0.2353,0.0744,0.1477,0.0273,0.2218,0.1558,-0.0035,-0.033,0.1587,-0.0375,0.2008,0.0381,0.0198,0.1246,0.0456,0.1182,-0.0038,0.2236,0.0473,0.2024,-0.0044,0.1898,0.244,0.0675,-0.0401,0.064,0.1422,0.017,0.1137
0,0.685,0.8754,0.6943,0.6789,0.7255,0.8045,0.731,0.9152,0.9315,0.735,0.875,0.8587,0.8183,0.7265,0.9349,0.9369,0.6539,0.749,0.7463,0.7095,0.7791,0.9195,0.6572,0.9007,0.7427,0.6541,0.9199,0.7317,0.7136,0.685,0.7602,0.6859,0.7039,0.725,0.8235,0.7839,0.7415,0.8078,0.8822,0.8672,0.7531,0.9254,0.8874,0.8185,0.7927,0.7489,0.6902,0.9157,0.8325,0.6796,0.9277,0.9161,0.6601,0.8602,0.7215,0.8107,0.9003,0.7552,0.7995,0.8496,0.7077,0.8379,0.7776,0.9448,0.0063,0.1633,-0.0376,0.0322,-0.0147,-0.0053,0.1085,0.0023,0.1884,-0.0211,0.1369,0.2083,-0.012,0.0152,0.1795,0.0911,0.2296,0.0514,0.0694,0.2373,0.0532,0.2399,0.2173,0.0101,0.1137,0.2324,-0.0148,0.2046,0.1823,0.1748,0.1302,-0.02,0.2375,-0.0193,0.1851,0.167,0.0452,0.1554,0.0732,0.1752,-0.037,0.23,0.0653,0.191,0.0915,0.1937,0.0403,0.1135,-0.0424,0.0968,-0.0262,0.2078,0.1532,0.0775,0.2423,0.234,0.237,-0.0253,0.1612,0.1683,0.1318,-0.0453,0.2272,0.0816,0.1285,0.1944,0.0326,-0.0412,0.227,0.0312,-0.0377,-0.009,0.2484,0.1719,0.013,-0.0061,0.2193,0.1494,0.1249,-0.0106,0.074,0.234,-0.049,0.0757,-0.0329,0.2493,-0.0187,0.2361,0.2024,0.1695,-0.0373,0.1586,0.0979,0.0974,-0.0064,0.1037,0.1906,-0.0106,0.2128,0.076,0.0298,0.0218,0.0879,0.1442,0.121,0.217,0.1034,0.1038,0.2467,0.0146,-0.045,0.0485,0.044,-0.0128,0.0754,-0.0396,0.2262,0.0953,0.2136,0.1592,0.169,0.1776,0.0405,0.1687,0.0118,0.1165,0.1286,0.1827
2,-0.0377,0.1187,0.1772,-0.0386,0.2015,-0.0147,0.1299,0.115,0.1381,0.0419,0.076,0.1248,0.0777,0.1477,0.084,0.0815,-0.043,0.1357,0.0969,0.0206,0.1791,0.184,0.0875,0.0039,0.092,-0.0179,-0.0115,0.0792,-0.0225,0.0826,0.103,-0.0378,0.1409,-0.0253,0.17,0.1833,0.1034,-0.0337,0.1012,0.0634,0.2353,-0.0091,0.2071,0.2488,0.1696,0.1945,0.0081,0.2445,0.0976,0.237,0.2248,-0.0005,0.1865,0.2292,-0.0303,0.0553,0.1769,-0.0024,0.219,0.0325,0.1947,-0.0069,0.1007,0.226,0.0125,0.0289,0.1018,0.0457,-0.039,0.0046,-0.0016,0.2309,0.1539,0.2186,0.0006,0.1855,-0.0155,0.1092,0.1409,0.0579,0.2119,0.1166,0.124,0.2148,-0.0186,0.2479,0.1389,0.0683,0.1893,0.0294,0.2471,0.1232,0.0581,0.1794,0.0827,0.003,0.1731,-0.0355,0.1959,0.0261,0.1418,0.2452,0.1258,0.1491,0.0438,-0.0495,-0.0399,-0.0052,0.1348,0.0797,0.1038,0.2187,-0.0104,0.0182,0.1459,-0.0433,-0.0492,0.0565,-0.0181,0.0571,0.0173,0.1251,0.1267,0.0113,0.1372,0.0925,-0.0096,0.231,0.7231,0.6948,0.6787,0.8415,0.9114,0.8846,0.7706,0.7293,0.6534,0.8435,0.8187,0.7551,0.8437,0.7831,0.9311,0.8701,0.7245,0.9211,0.6632,0.8095,0.7718,0.7213,0.6675,0.8837,0.6537,0.8153,0.9323,0.6927,0.7099,0.8324,0.8021,0.8425,0.894,0.7024,0.7428,0.7401,0.6645,0.9168,0.8849,0.8646,0.6519,0.9033,0.8736,0.7896,0.8725,0.7857,0.7178,0.6816,0.7197,0.6616,0.7507,0.8749,0.8585,0.9036,0.8635,0.7298,0.8161,0.7808,0.8865,0.807,0.7296,0.8426,0.9395,0.7151
0,0.7471,0.6953,0.8453,0.6717,0.8108,0.7597,0.6674,0.8022,0.6612,0.7801,0.671,0.6772,0.7774,0.8981,0.6871,0.717,0.8382,0.9343,0.8231,0.769,0.9429,0.664,0.9075,0.7369,0.6933,0.6853,0.7425,0.8948,0.7042,0.8245,0.8417,0.7617,0.8143,0.6688,0.6679,0.7118,0.8541,0.7783,0.7442,0.8257,0.786,0.7399,0.8883,0.8597,0.7232,0.8223,0.8076,0.9125,0.8688,0.7364,0.9441,0.6854,0.7754,0.8771,0.6956,0.7967,0.6618,0.8505,0.8794,0.8219,0.9126,0.7441,0.8586,0.8283,0.124,0.0869,0.202,0.2334,0.0922,0.1492,-0.0318,0.1604,0.1441,0.2479,0.1966,0.0354,0.0657,0.1506,-0.0432,0.0885,0.0004,-0.0149,-0.0323,0.1805,-0.0112,0.0243,0.0673,0.2114,-0.0258,0.0848,0.1148,0.215,0.1958,0.2092,0.0335,0.0746,0.0576,0.2153,0.2373,-0.0047,0.0029,0.0196,0.02,0.0955,0.1267,0.0288,-0.0488,0.0757,0.0608,0.1199,0.2359,0.1571,0.1046,0.1353,0.1529,-0.0338,0.2199,0.184,0.2124,0.1894,0.0677,0.0697,-0.0189,0.1403,-0.0313,-0.0298,0.0126,-0.0013,0.052,-0.0342,-0.0499,-0.0046,-0.0196,0.0591,-0.0423,0.2123,0.1342,-0.0054,0.0257,0.0542,0.0592,-0.0131,0.2047,0.2479,0.0898,0.0952,-0.0242,-0.0193,0.0528,0.0294,0.1987,-0.0016,-0.0431,0.2353,0.1085,-0.006,0.113,-0.0419,0.1084,0.2436,0.209,0.1589,0.0283,0.06,0.0001,0.1816,0.1098,0.1837,0.0489,0.0169,0.1935,0.2455,0.2058,0.1918,0.1955,0.172,0.018,0.1053,0.0567,-0.0413,-0.0416,0.0338,0.0278,0.1578,0.237,0.0842,0.2311,0.2464,0.2365,0.0594,0.0161,0.0181
0,0.8862,0.6968,0.8292,0.7535,0.8058,0.6562,0.6601,0.9471,0.9098,0.7959,0.8202,0.7285,0.8838,0.7778,0.9339,0.8802,0.8956,0.939,0.7262,0.6614,0.7103,0.7042,0.6751,0.6653,0.8172,0.9112,0.7875,0.9342,0.923,0.6693,0.8294,0.7692,0.686,0.9378,0.7272,0.8193,0.8422,0.9369,0.8509,0.7679,0.7845,0.6979,0.9397,0.9475,0.7165,0.6616,0.7268,0.7556,0.9208,0.9214,0.9012,0.6641,0.8859,0.8629,0.844,0.9456,0.6667,0.6934,0.8765,0.9318,0.8531,0.7396,0.8274,0.8774,-0.0184,0.0472,0.0271,-0.0128,0.0944,0.0006,0.0215,-0.0071,0.1533,-0.0462,0.1652,0.0085,-0.0392,0.2283,0.0162,0.2302,0.21,0.2166,-0.0081,0.0842,-0.0209,0.2286,0.2027,0.1385,0.0857,0.0519,0.1969,0.0933,0.1385,-0.0072,0.0165,-0.033,0.1641,0.116,-0.0066,0.2112,0.0299,0.0735,-0.0033,0.0313,0.2019,0.0504,0.0003,0.0973,0.0454,0.221,-0.0157,0.2436,-0.0329,0.2185,0.1505,0.0133,0.0932,0.0359,0.0273,0.0105,0.0593,0.2473,0.2494,0.2275,-0.0207,0.0368,0.2189,-0.0328,0.1679,0.0381,0.2436,-0.0452,0.1921,0.0523,-0.008,-0.0494,0.1997,0.108,0.0057,0.0806,0.2236,0.0155,0.1214,-0.0086,0.004,0.1811,0.1635,0.009,-0.0262,-0.0238,0.1326,0.0986,0.0322,0.0118,0.1337,0.1623,0.1935,0.1249,0.0107,-0.0303,0.1698,0.0724,0.1665,-0.0334,0.1932,0.0506,0.2026,0.2094,0.0979,-0.0454,0.2231,0.093,0.2116,0.0299,0.0058,0.1995,0.0601,-0.001,0.0613,0.1285,-0.0486,0.1059,0.0837,0.1047,-0.0138,0.1644,0.195,0.2096,0.0463,0.1634,0.0644,0.1754
0,0.8521,0.8183,0.8292,0.74,0.8704,0.8568,0.8643,0.7913,0.7892,0.7358,0.662,0.7898,0.8349,0.7058,0.908,0.9137,0.9061,0.8948,0.7965,0.7027,0.7313,0.8713,0.9454,0.6834,0.6519,0.756,0.7548,0.8293,0.6837,0.9032,0.7514,0.9226,0.7488,0.7416,0.7028,0.9397,0.8268,0.8977,0.6689,0.8129,0.8699,0.9452,0.931,0.6812,0.762,0.9496,0.8105,0.9371,0.726,0.6577,0.9339,0.7291,0.8182,0.7582,0.8233,0.9301,0.9341,0.9131,0.727,0.8963,0.6555,0.7749,0.9332,0.7264,0.0602,0.1245,0.021,0.1625,0.1458,-0.0215,0.226,-0.0285,0.159,0.0545,-0.0069,-0.0266,0.2493,0.1899,0.0876,0.1884,0.2409,0.2279,0.1098,0.0325,0.1056,0.2444,0.1691,0.1509,0.2029,0.0727,0.1177,0.2046,0.0097,0.2077,-0.0426,0.1111,0.1225,-0.0061,0.2266,0.0818,0.0055,0.0735,0.1274,0.0787,-0.0491,-0.0223,0.164,-0.0104,0.0266,0.1923,0.2085,0.2145,0.0023,-0.0484,0.1763,0.1297,0.0594,-0.0444,0.0794,0.0211,0.1264,0.2442,0.0128,-0.0275,0.1584,-0.0177,0.0169,0.0818,0.2458,0.0473,0.0448,0.0926,-0.0013,0.0707,0.1601,0.0472,0.1889,0.0053,-0.0195,0.1382,0.0859,0.2254,-0.0185,0.1739,0.1509,0.0611,-0.0115,0.1336,0.1775,0.0918,0.0918,0.1557,0.1328,0.077,0.0058,0.0891,0.1149,0.2189,0.2484,0.117,0.0486,0.0168,0.1391,0.1715,0.0243,0.1571,0.2498,0.0675,0.2316,0.081,0.1457,0.21,0.011,0.0537,0.2452,-0.0304,0.0419,0.0929,0.1735,0.1392,0.2289,0.1509,-0.0495,-0.0286,-0.039,0.0795,-0.0419,0.1078,0.1398,0.0107,0.2068,0.0741
2,0.1519,0.1641,0.0219,0.1449,0.1576,0.0915,-0.0075,0.2227,0.1297,-0.0312,0.0216,0.2461,0.0186,0.0677,0.1864,0.1971,0.1402,0.1725,-0.0385,-0.0219,0.2428,0.1908,-0.0386,-0.0354,0.0221,0.2292,0.0159,0.1516,0.2291,0.1416,0.2258,0.0289,-0.004,-0.0445,0.1771,-0.0189,0.2419,0.163,0.0061,0.1921,-0.0012,0.1036,-0.0183,0.1861,0.2169,0.2249,-0.0493,0.2054,0.1168,0.1964,0.1007,0.136,0.1284,0.1899,-0.0267,-0.0337,0.1136,0.0373,0.0691,-0.0477,0.1735,-0.0428,0.1989,0.1935,0.0874,-0.0134,0.145,0.0121,0.0787,-0.0169,0.2429,0.1138,0.0558,-0.0218,0.1691,0.2049,0.2045,-0.0196,0.0603,0.0408,0.1787,-0.0057,0.1319,0.2436,0.1806,-0.0479,-0.0275,-0.0159,0.1577,0.1296,0.106,0.0867,0.0722,0.1333,0.1446,0.2249,0.1698,0.189,0.2239,0.2012,0.165,-0.0408,0.1543,0.205,0.0792,0.2134,0.0039,0.2328,0.0825,0.1619,0.0258,0.0402,0.0545,0.0473,-0.0216,0.0829,0.2443,0.1462,0.2297,0.1787,0.201,0.2483,0.1758,0.0323,0.0249,0.0737,-0.0437,0.0192,0.9159,0.9263,0.7486,0.8811,0.8825,0.9169,0.8884,0.8096,0.6815,0.8976,0.7441,0.8381,0.7601,0.8112,0.9397,0.6983,0.8093,0.845,0.8115,0.9314,0.7723,0.9241,0.8569,0.9402,0.6769,0.7137,0.7362,0.922,0.6541,0.7281,0.8647,0.9469,0.7029,0.7814,0.8561,0.8572,0.8738,0.8759,0.7245,0.7271,0.6583,0.8573,0.7128,0.7279,0.9393,0.843,0.8273,0.8468,0.8294,0.8585,0.7412,0.6692,0.6701,0.6544,0.7585,0.6927,0.6839,0.7981,0.9409,0.8563,0.732,0.8808,0.7034,0.68
0,0.8203,0.7432,0.767,0.6758,0.7031,0.9053,0.7463,0.8488,0.6827,0.8186,0.7584,0.8001,0.7391,0.6698,0.7434,0.7179,0.6878,0.865,0.7347,0.771,0.9227,0.8825,0.9148,0.9084,0.6897,0.733,0.6589,0.8539,0.8491,0.7554,0.7738,0.8477,0.8598,0.7245,0.904,0.7556,0.8386,0.7045,0.6846,0.9238,0.8702,0.8638,0.6621,0.662,0.6986,0.7094,0.7409,0.7642,0.6618,0.7433,0.8415,0.7039,0.9018,0.821,0.865,0.7264,0.7805,0.8553,0.7547,0.6503,0.9003,0.8829,0.7359,0.6629,0.2062,0.1322,-0.0358,0.0233,-0.0166,0.1874,0.013,0.2243,0.1749,-0.0242,0.1584,0.0681,0.1743,0.1986,0.0343,-0.023,0.2339,0.0772,0.2291,0.1575,0.1716,0.199,0.1384,0.0858,-0.0337,0.1595,0.0785,0.1036,0.2284,-0.0117,0.1786,-0.0369,0.1608,0.1917,0.0284,0.1139,0.2408,0.1413,0.1132,0.0249,-0.0322,0.0573,0.0735,0.0104,0.0432,-0.009,0.1621,0.1511,0.0214,0.0225,0.1046,0.0835,0.2308,0.0554,0.0398,0.2154,-0.0074,0.119,0.0501,0.1946,0.1145,0.1782,0.0008,0.15,0.1296,0.0884,0.1798,0.1994,-0.0157,0.0368,0.0581,0.0119,-0.0319,0.0343,0.0091,0.1605,0.0844,-0.0161,0.0473,0.0906,0.0589,0.0004,-0.0285,-0.0468,0.2476,0.1751,-0.0248,0.1651,0.2441,0.1191,-0.0174,0.0967,0.0803,0.0069,0.1129,-0.0475,0.2259,0.1434,0.1383,0.2306,0.1458,0.0254,0.0238,-0.0084,-0.0417,0.1823,0.2019,0.0389,0.0057,0.1414,0.2037,0.228,0.0005,0.1854,0.1991,0.1727,0.048,0.0054,0.1976,0.046,0.0606,0.1153,0.0608,0.1994,0.0218,-0.0376,0.1201,0.1385
2,0.1957,0.0797,0.0985,0.2004,0.0679,0.102,0.1563,0.2447,0.0528,0.1997,0.162,0.1408,0.0714,0.0543,-0.0337,-0.0111,-0.0288,0.1723,0.0267,-0.001,-0.0247,0.2024,0.2112,0.1512,0.0346,0.0227,0.0379,0.0878,-0.0027,0.0837,0.029,0.2385,0.2418,0.1141,0.0233,0.2397,0.0429,0.057,-0.0497,0.0645,0.0924,0.1008,0.0103,0.1014,-0.0485,0.0293,-0.0231,0.0699,-0.0375,-0.0433,0.0413,0.0198,0.1257,0.1088,0.1752,0.1473,0.1648,0.2137,0.0669,0.0478,0.2454,-0.0052,0.1672,0.143,-0.0369,0.2006,0.2176,0.1382,0.1702,0.1937,-0.0082,0.1071,0.1013,0.2005,0.1914,0.1979,0.1252,0.2178,0.1549,0.158,0.019,-0.0407,-0.0101,0.0582,-0.0185,0.2007,0.1176,0.1383,0.1379,0.1542,0.0968,-0.049,0.1893,0.1745,0.1009,0.1106,0.1478,-0.0302,0.171,0.0257,-0.0277,0.0297,0.1688,0.0116,0.1719,0.2427,0.0982,0.0648,0.0937,0.1551,0.1801,0.1351,0.1428,-0.0268,-0.0058,0.0262,0.173,0.0413,0.1203,-0.0463,-0.0318,0.0306,0.1516,0.1577,0.1527,0.0373,0.105,0.0894,0.7899,0.6856,0.9181,0.7098,0.9434,0.9309,0.6553,0.7877,0.896,0.9404,0.7848,0.7306,0.713,0.9337,0.7132,0.8244,0.6925,0.8072,0.9358,0.6898,0.8961,0.8026,0.9161,0.861,0.7194,0.9193,0.7958,0.6575,0.6511,0.7975,0.7852,0.7406,0.6922,0.7532,0.7448,0.9021,0.6505,0.8752,0.9017,0.686,0.9279,0.8639,0.9205,0.7369,0.7617,0.7679,0.9496,0.8268,0.7582,0.7784,0.7325,0.6645,0.6805,0.9004,0.7357,0.9307,0.7248,0.7297,0.8033,0.707,0.762,0.9368,0.9153,0.8936
1,0.009,0.0113,0.1372,0.2201,0.2021,0.0938,0.1459,0.1899,-0.0246,0.1482,0.2229,0.1847,0.175,0.0934,0.0036,0.1867,0.0498,0.1902,0.2415,0.0688,0.0704,0.234,0.1674,0.001,-0.0119,-0.0047,0.2215,0.192,-0.0061,0.198,0.2441,0.1472,0.0551,0.1146,-0.0107,-0.0457,0.2413,0.1449,0.108,0.2301,0.0801,0.2115,0.1978,0.0133,0.0256,0.0379,0.0222,0.1259,0.0278,0.0757,-0.0107,0.223,0.0561,0.0874,0.125,0.2213,0.0762,0.2253,0.1005,0.1095,0.1071,-0.0444,0.082,0.0049,0.6512,0.8898,0.7017,0.792,0.8676,0.8169,0.7478,0.8055,0.8166,0.8853,0.6818,0.8181,0.7245,0.7331,0.8817,0.8023,0.8185,0.878,0.9237,0.783,0.8338,0.8017,0.8036,0.8578,0.7857,0.81,0.7934,0.9325,0.8598,0.913,0.9327,0.7279,0.8179,0.933,0.902,0.6911,0.6865,0.7826,0.6718,0.7222,0.6719,0.8508,0.8852,0.9191,0.6963,0.8648,0.8481,0.6929,0.9148,0.9403,0.7159,0.9358,0.7695,0.7962,0.947,0.8997,0.6984,0.7795,0.8047,0.7517,0.7087,0.7456,0.8666,0.6558,0.1162,0.0821,-0.0446,0.0494,0.1372,0.1037,-0.0307,0.2455,0.1865,0.2415,-0.0186,0.0297,-0.0381,0.1837,0.0311,-0.0111,0.0767,0.2234,0.1957,0.0276,-0.0052,0.2258,0.1212,0.1601,-0.0232,-0.0327,0.1565,0.0776,-0.0283,0.2315,0.1403,0.1905,-0.0249,0.2069,-0.03,0.2088,0.0861,0.0517,0.1159,0.228,0.0304,-0.0112,0.1081,0.0215,-0.0172,-0.0016,-0.0349,0.0105,0.0436,0.0415,0.1778,0.037,0.1,0.0034,0.0541,-0.0446,0.0251,-0.0454,0.1699,0.1153,0.0068,0.0924,0.2304,-0.0181
1,0.0821,0.2479,-0.0227,0.0886,0.0138,-0.0494,-0.0219,-0.0227,0.0607,0.0798,0.1023,0.0368,0.1606,0.1048,0.2445,0.0008,0.1032,0.0981,0.0615,0.2084,0.0129,0.2133,0.0573,0.0506,0.1344,0.119,0.0352,-0.0247,0.2366,0.0608,-0.0157,0.1469,0.1096,0.0483,0.0485,0.2035,0.0516,0.0752,0.2371,0.0583,0.0706,-0.0014,0.1487,0.1494,0.0839,0.0718,0.0198,0.187,0.0872,0.1996,0.0625,0.1701,-0.0414,0.0159,0.2382,0.1547,0.1527,0.0991,0.0917,0.0093,0.0019,0.1436,0.1582,0.0276,0.8434,0.6908,0.8339,0.7015,0.8029,0.7442,0.8152,0.6902,0.795,0.835,0.6904,0.7426,0.8536,0.8139,0.835,0.884,0.8214,0.7167,0.7828,0.899,0.82,0.8759,0.7592,0.7845,0.9409,0.8966,0.8458,0.6819,0.8336,0.66,0.9302,0.9416,0.8684,0.7303,0.9037,0.7032,0.8984,0.8062,0.6547,0.9171,0.782,0.8991,0.8565,0.8098,0.9087,0.7109,0.9196,0.7516,0.6578,0.751,0.6698,0.6716,0.8372,0.6862,0.6979,0.7378,0.7336,0.926,0.9216,0.911,0.9469,0.7821,0.8887,0.7343,0.2279,0.1932,0.1696,0.0183,-0.0226,0.2275,0.1156,0.1337,0.2086,-0.0069,0.1598,0.0892,0.1858,0.0868,0.009,0.2369,0.0343,0.1735,0.1994,0.0243,0.1585,0.0688,0.0172,0.0152,0.2362,0.0605,0.103,0.1004,-0.042,0.1761,0.1735,0.2128,0.0571,0.0129,0.0542,0.1697,0.1474,0.0718,0.1074,-0.0038,0.2256,0.0916,0.102,0.1861,0.0094,0.1667,0.056,0.1937,-0.0217,0.0328,0.1407,0.0947,0.0631,0.1236,0.0153,0.0812,-0.0494,0.1896,0.0262,0.1992,0.1156,0.1305,0.1378,-0.0124
2,-0.0092,0.0334,0.1421,0.1411,0.1074,0.2061,0.1757,0.0129,0.1104,0.0008,0.0225,-0.0059,-0.0269,0.0551,0.2159,0.1468,-0.0237,0.0157,0.1275,0.1089,-0.042,-0.0218,0.1198,0.1304,-0.0259,0.1818,0.0221,0.1268,0.1089,0.052,0.2339,0.0687,0.077,0.1121,0.2019,0.2463,0.1809,0.1116,0.1651,0.1414,0.2378,0.2412,0.178,0.0149,0.1205,0.0819,0.0194,0.1844,0.0163,0.1629,0.0968,0.0781,0.162,0.1675,0.2469,0.2497,0.19,0.0292,0.1508,0.0987,0.2321,0.0841,0.0572,-0.0422,0.091,0.1097,0.0425,-0.0184,0.0952,-0.0288,0.0015,0.0832,0.0544,0.1,0.109,0.0665,-0.0099,-0.0445,0.1178,0.241,0.0344,0.0555,0.0458,0.1727,0.098,0.1888,-0.0484,-0.0102,0.0118,0.0607,0.0698,0.0656,0.2397,0.0818,0.1227,0.239,0.1426,0.1284,0.1985,0.0503,-0.0392,0.2373,0.1103,0.1246,-0.03,0.1735,0.0621,0.1429,0.0351,0.2255,0.0606,0.0327,0.2182,0.0168,0.0313,0.0961,0.2443,-0.0153,0.0131,0.1887,-0.0275,0.0743,0.1849,0.1638,0.1879,-0.0148,0.217,0.0571,0.8943,0.7915,0.9174,0.7934,0.7273,0.6952,0.7989,0.6649,0.6992,0.9124,0.8221,0.9089,0.6953,0.7941,0.7906,0.6823,0.729,0.9265,0.8671,0.8027,0.8328,0.9083,0.9361,0.8284,0.6651,0.9115,0.6994,0.722,0.6911,0.8037,0.8248,0.7881,0.791,0.6923,0.8654,0.8113,0.7427,0.9001,0.9317,0.9267,0.9455,0.6707,0.7666,0.785,0.727,0.8731,0.9215,0.6916,0.8018,0.9402,0.9166,0.7852,0.6814,0.7869,0.8053,0.8857,0.7058,0.7338,0.9454,0.6535,0.8333,0.6785,0.8752,0.7771
1,-0.0395,-0.0312,0.226,0.0271,0.1742,0.2196,0.0517,0.0317,0.2373,0.1351,0.0287,0.165,0.0449,0.0327,-0.0489,0.1767,0.2249,0.1402,0.233,-0.0427,0.0202,0.0926,0.237,0.2362,0.066,0.0253,0.079,0.098,0.2284,0.0049,0.1908,0.1715,0.1968,0.1818,0.1322,0.0483,0.0459,0.0586,0.1847,-0.0263,0.0092,0.1759,0.0242,-0.0306,-0.0398,0.1158,0.0477,0.2441,0.215,0.2463,0.0295,-0.0248,-0.0211,0.0995,0.1629,0.0841,0.0203,0.0751,0.1361,0.1522,0.1744,0.2041,0.1493,-0.0137,0.9023,0.7381,0.8201,0.7619,0.8714,0.7098,0.7242,0.7236,0.696,0.9153,0.8235,0.7479,0.7688,0.9477,0.8022,0.7194,0.8925,0.846,0.9473,0.6807,0.7924,0.8957,0.9022,0.9243,0.6621,0.7381,0.6858,0.7069,0.9419,0.825,0.9291,0.7617,0.9098,0.7847,0.728,0.8833,0.9337,0.6817,0.8288,0.836,0.7153,0.7606,0.6924,0.7112,0.7265,0.8298,0.8455,0.711,0.6534,0.7482,0.8535,0.7055,0.7437,0.711,0.8886,0.8144,0.669,0.6804,0.7686,0.815,0.8418,0.6773,0.6991,0.8586,0.0729,0.035,0.0423,0.236,0.0437,0.12,0.0572,0.0749,0.2093,0.249,0.0591,0.0092,0.1684,0.0111,-0.0482,0.2205,0.0771,0.1961,0.0719,0.2149,0.0883,-0.0012,-0.0455,0.1155,0.1422,0.2229,-0.0233,0.1367,0.0613,0.1013,-0.0062,0.035,0.1063,0.2276,-0.0174,0.0972,0.1914,0.2401,0.0092,-0.012,0.2329,0.2427,0.0948,-0.034,0.2279,0.0664,0.2213,0.1361,0.1974,-0.0019,0.1857,0.0166,0.0713,0.2039,0.1988,0.0049,0.0154,0.0699,0.1054,0.0651,-0.0131,0.0241,0.1675,0.2192
0,0.9276,0.717,0.9132,0.7183,0.6643,0.6759,0.6728,0.7666,0.9416,0.7564,0.865,0.6603,0.8048,0.8118,0.6794,0.824,0.7838,0.7482,0.8991,0.8574,0.6861,0.6818,0.6657,0.729,0.841,0.9405,0.9406,0.9093,0.6873,0.8876,0.8787,0.7918,0.9487,0.8297,0.6855,0.7148,0.6889,0.8331,0.8372,0.9073,0.6531,0.6529,0.9418,0.7286,0.7293,0.91,0.6834,0.8879,0.919,0.8187,0.8325,0.6518,0.832,0.8341,0.8813,0.8052,0.6842,0.7168,0.8459,0.6739,0.6821,0.7253,0.8889,0.8139,0.0571,0.2391,0.1243,0.0216,0.1196,0.2066,0.0606,0.0804,0.1232,0.2462,0.1416,0.0044,0.1246,0.0464,0.092,0.1639,-0.0439,0.1023,0.0442,0.1297,0.1962,0.0902,0.1389,0.0366,0.0268,0.103,0.1098,0.017,0.1795,0.0999,0.0567,0.0261,0.201,0.2206,0.2314,0.0244,-0.0286,0.1395,-0.0426,0.2069,0.1537,0.0511,0.0824,0.1549,-0.0019,0.0595,0.186,0.1542,0.1256,-0.019,0.0151,0.027,-0.0406,0.142,0.1218,0.2273,0.1163,0.2255,0.0907,0.1053,0.0344,0.0893,0.231,0.0963,-0.0494,0.0561,0.0093,0.1371,0.1028,0.0927,0.2281,0.1787,-0.0238,-0.0408,0.1602,0.129,0.1457,0.1001,-0.0393,0.0855,0.2006,0.1306,-0.0367,-0.0127,0.2214,0.1135,-0.0006,0.162,0.2274,0.2095,0.1436,0.1922,-0.0237,0.089,0.1931,0.0524,-0.0068,0.2097,0.1614,-0.0478,-0.0309,0.1172,0.2362,0.1353,0.2128,-0.0184,0.1228,0.0045,0.0496,-0.0052,0.0891,-0.0361,0.147,0.1439,0.2214,0.1804,-0.0273,0.2107,0.1129,0.2309,0.0976,-0.0256,0.1612,0.002,0.2452,0.1118,0.2207,0.0978
1,-0.0345,0.2244,-0.0188,-0.0447,0.0369,0.0367,0.2401,0.2111,0.076,0.1088,0.2046,0.1921,0.146,0.1038,-0.015,0.0231,0.1474,0.1259,0.1903,0.2196,0.2387,0.0078,-0.0272,0.2193,0.1211,0.0045,0.1576,0.0267,0.021,0.0599,0.1072,0.1532,-0.028,0.1724,0.1373,0.0915,0.1516,0.1899,-0.0471,0.0926,0.1534,0.1627,0.1443,0.0041,0.2375,0.1857,0.0199,0.0792,0.2374,0.0121,0.0727,0.2385,0.22,0.0197,0.1706,0.0579,0.149,0.1801,-0.0117,0.0168,0.0145,0.0298,-0.0393,-0.0092,0.7718,0.7762,0.6733,0.8247,0.9327,0.8231,0.7567,0.8613,0.7812,0.7026,0.7945,0.6553,0.8528,0.6983,0.7609,0.9387,0.88,0.9007,0.8426,0.8404,0.8615,0.9399,0.7089,0.8799,0.7403,0.7267,0.8965,0.8303,0.9049,0.9125,0.8266,0.7095,0.6545,0.8105,0.8677,0.7317,0.671,0.6514,0.702,0.8588,0.6512,0.719,0.7295,0.8633,0.9462,0.6558,0.6843,0.9304,0.941,0.6946,0.7506,0.8067,0.746,0.7752,0.7937,0.7276,0.6665,0.6752,0.6987,0.6774,0.8372,0.859,0.7289,0.8875,0.1686,0.0525,0.0975,0.0065,0.2287,0.1181,-0.0346,-0.0038,0.1578,0.0656,0.1651,0.0188,0.1891,0.1906,-0.0217,0.1259,0.0074,0.1623,0.1912,0.1874,0.0194,-0.022,0.149,0.1195,-0.0085,0.0078,0.1247,-0.0176,0.1402,0.0223,0.0276,0.077,0.1099,0.1673,-0.0407,0.1673,0.0163,0.0372,0.1419,0.1574,0.1344,0.2205,0.0114,0.0433,0.1488,0.0282,-0.0028,0.0179,0.1814,0.1981,0.1649,0.2376,0.1883,0.0429,0.0446,0.1664,-0.0333,0.1328,-0.0233,-0.0353,0.1041,-0.0046,0.2295,0.2132
